시즌,출연자,링크
1,김호진,https://namu.wiki/w/%EA%B9%80%ED%98%B8%EC%A7%84
1,개코(다이나믹 듀오),https://namu.wiki/w/%EA%B0%9C%EC%BD%94(%EB%8B%A4%EC%9D%B4%EB%82%98%EB%AF%B9%20%EB%93%80%EC%98%A4)
1,승관,https://namu.wiki/w/%EC%8A%B9%EA%B4%80
2,유호진,https://namu.wiki/w/%EC%9C%A0%ED%98%B8%EC%A7%84
2,권해효,https://namu.wiki/w/%EA%B6%8C%ED%95%B4%ED%9A%A8
2,윤창민,https://namu.wiki/w/%EC%9C%A4%EC%B0%BD%EB%AF%BC
2,김동현(1981),https://namu.wiki/w/%EA%B9%80%EB%8F%99%ED%98%84(1981)
2,조남진,https://namu.wiki/w/%EC%A1%B0%EB%82%A8%EC%A7%84
2,지상렬,https://namu.wiki/w/%EC%A7%80%EC%83%81%EB%A0%AC
2,박준형(god),https://namu.wiki/w/%EB%B0%95%EC%A4%80%ED%98%95(god)
2,박지선,https://namu.wiki/w/%EB%B0%95%EC%A7%80%EC%84%A0
2,차승원,https://namu.wiki/w/%EC%B0%A8%EC%8A%B9%EC%9B%90
2,김광선,https://namu.wiki/w/%EA%B9%80%EA%B4%91%EC%84%A0
2,나영석,https://namu.wiki/w/%EB%82%98%EC%98%81%EC%84%9D
3,서명옥,https://namu.wiki/w/%EC%84%9C%EB%AA%85%EC%98%A5
3,정종연,https://namu.wiki/w/%EC%A0%95%EC%A2%85%EC%97%B0
3,김란주,https://namu.wiki/w/%EA%B9%80%EB%9E%80%EC%A3%BC
3,신원호(PD),https://namu.wiki/w/%EC%8B%A0%EC%9B%90%ED%98%B8(PD)
3,이명한(PD),https://namu.wiki/w/%EC%9D%B4%EB%AA%85%ED%95%9C(PD)
3,재재,https://namu.wiki/w/%EC%9E%AC%EC%9E%AC
3,이재영,https://namu.wiki/w/%EC%9D%B4%EC%9E%AC%EC%98%81
3,이다영,https://namu.wiki/w/%EC%9D%B4%EB%8B%A4%EC%98%81
3,밀라논나,https://namu.wiki/w/%EB%B0%80%EB%9D%BC%EB%85%BC%EB%82%98
3,진용진,https://namu.wiki/w/%EC%A7%84%EC%9A%A9%EC%A7%84
3,유성호(법의학자),https://namu.wiki/w/%EC%9C%A0%EC%84%B1%ED%98%B8(%EB%B2%95%EC%9D%98%ED%95%99%EC%9E%90)
3,박지선(교수),https://namu.wiki/w/%EB%B0%95%EC%A7%80%EC%84%A0(%EA%B5%90%EC%88%98)
3,표창원,https://namu.wiki/w/%ED%91%9C%EC%B0%BD%EC%9B%90
3,장효인,https://namu.wiki/w/%EC%9E%A5%ED%9A%A8%EC%9D%B8
3,이명학,https://namu.wiki/w/%EC%9D%B4%EB%AA%85%ED%95%99
3,존 리(1958),https://namu.wiki/w/%EC%A1%B4%20%EB%A6%AC(1958)
3,김다비,https://namu.wiki/w/%EA%B9%80%EB%8B%A4%EB%B9%84
3,송은이,https://namu.wiki/w/%EC%86%A1%EC%9D%80%EC%9D%B4
3,김한규,https://namu.wiki/w/%EA%B9%80%ED%95%9C%EA%B7%9C
3,이상엽(디자이너),https://namu.wiki/w/%EC%9D%B4%EC%83%81%EC%97%BD(%EB%94%94%EC%9E%90%EC%9D%B4%EB%84%88)
3,정문성,https://namu.wiki/w/%EC%A0%95%EB%AC%B8%EC%84%B1
3,안은진,https://namu.wiki/w/%EC%95%88%EC%9D%80%EC%A7%84
3,박선영(방송인),https://namu.wiki/w/%EB%B0%95%EC%84%A0%EC%98%81(%EB%B0%A9%EC%86%A1%EC%9D%B8)
3,김호중,https://namu.wiki/w/%EA%B9%80%ED%98%B8%EC%A4%91
3,차태현,https://namu.wiki/w/%EC%B0%A8%ED%83%9C%ED%98%84
3,김보민(성우),https://namu.wiki/w/%EA%B9%80%EB%B3%B4%EB%AF%BC(%EC%84%B1%EC%9A%B0)
3,전진서,https://namu.wiki/w/%EC%A0%84%EC%A7%84%EC%84%9C
3,김동희(1999),https://namu.wiki/w/%EA%B9%80%EB%8F%99%ED%9D%AC(1999)
3,이예랑,https://namu.wiki/w/%EC%9D%B4%EC%98%88%EB%9E%91
3,이세돌,https://namu.wiki/w/%EC%9D%B4%EC%84%B8%EB%8F%8C
3,김민재(1979),https://namu.wiki/w/%EA%B9%80%EB%AF%BC%EC%9E%AC(1979)
3,백현,https://namu.wiki/w/%EB%B0%B1%ED%98%84
3,임하룡,https://namu.wiki/w/%EC%9E%84%ED%95%98%EB%A3%A1
3,김민경(코미디언),https://namu.wiki/w/%EA%B9%80%EB%AF%BC%EA%B2%BD(%EC%BD%94%EB%AF%B8%EB%94%94%EC%96%B8)
3,이재율(코미디언),https://namu.wiki/w/%EC%9D%B4%EC%9E%AC%EC%9C%A8(%EC%BD%94%EB%AF%B8%EB%94%94%EC%96%B8)
3,전수희,https://namu.wiki/w/%EC%A0%84%EC%88%98%ED%9D%AC
3,이용진,https://namu.wiki/w/%EC%9D%B4%EC%9A%A9%EC%A7%84
3,이진호(코미디언),https://namu.wiki/w/%EC%9D%B4%EC%A7%84%ED%98%B8(%EC%BD%94%EB%AF%B8%EB%94%94%EC%96%B8)
3,손민수(코미디언),https://namu.wiki/w/%EC%86%90%EB%AF%BC%EC%88%98(%EC%BD%94%EB%AF%B8%EB%94%94%EC%96%B8)
3,임라라,https://namu.wiki/w/%EC%9E%84%EB%9D%BC%EB%9D%BC
3,박일환,https://namu.wiki/w/%EB%B0%95%EC%9D%BC%ED%99%98
3,천종호,https://namu.wiki/w/%EC%B2%9C%EC%A2%85%ED%98%B8
3,박준영(법조인),https://namu.wiki/w/%EB%B0%95%EC%A4%80%EC%98%81(%EB%B2%95%EC%A1%B0%EC%9D%B8)
3,신사임당(유튜버),https://namu.wiki/w/%EC%8B%A0%EC%82%AC%EC%9E%84%EB%8B%B9(%EC%9C%A0%ED%8A%9C%EB%B2%84)
3,정우성,https://namu.wiki/w/%EC%A0%95%EC%9A%B0%EC%84%B1
3,조석(만화가),https://namu.wiki/w/%EC%A1%B0%EC%84%9D(%EB%A7%8C%ED%99%94%EA%B0%80)
3,김예지(정치인),https://namu.wiki/w/%EA%B9%80%EC%98%88%EC%A7%80(%EC%A0%95%EC%B9%98%EC%9D%B8)
3,박진영,https://namu.wiki/w/%EB%B0%95%EC%A7%84%EC%98%81
3,서권순,https://namu.wiki/w/%EC%84%9C%EA%B6%8C%EC%88%9C
3,서지음,https://namu.wiki/w/%EC%84%9C%EC%A7%80%EC%9D%8C
3,신민아,https://namu.wiki/w/%EC%8B%A0%EB%AF%BC%EC%95%84
3,이날치,https://namu.wiki/w/%EC%9D%B4%EB%82%A0%EC%B9%98
3,이상혁,https://namu.wiki/w/%EC%9D%B4%EC%83%81%ED%98%81
3,솔비,https://namu.wiki/w/%EC%86%94%EB%B9%84
3,박승희,https://namu.wiki/w/%EB%B0%95%EC%8A%B9%ED%9D%AC
3,김영삼(1975),https://namu.wiki/w/%EA%B9%80%EC%98%81%EC%82%BC(1975)
3,울프 슈뢰더,https://namu.wiki/w/%EC%9A%B8%ED%94%84%20%EC%8A%88%EB%A2%B0%EB%8D%94
3,입질의 추억,https://namu.wiki/w/%EC%9E%85%EC%A7%88%EC%9D%98%20%EC%B6%94%EC%96%B5
3,한상원(작곡가),https://namu.wiki/w/%ED%95%9C%EC%83%81%EC%9B%90(%EC%9E%91%EA%B3%A1%EA%B0%80)
3,장기하,https://namu.wiki/w/%EC%9E%A5%EA%B8%B0%ED%95%98
3,뇌부자들,https://namu.wiki/w/%EB%87%8C%EB%B6%80%EC%9E%90%EB%93%A4
3,공유(배우),https://namu.wiki/w/%EA%B3%B5%EC%9C%A0(%EB%B0%B0%EC%9A%B0)
3,신진서,https://namu.wiki/w/%EC%8B%A0%EC%A7%84%EC%84%9C
3,야옹이(웹툰 작가),https://namu.wiki/w/%EC%95%BC%EC%98%B9%EC%9D%B4(%EC%9B%B9%ED%88%B0%20%EC%9E%91%EA%B0%80)
3,최소라,https://namu.wiki/w/%EC%B5%9C%EC%86%8C%EB%9D%BC
3,주지훈,https://namu.wiki/w/%EC%A3%BC%EC%A7%80%ED%9B%88
3,김은희,https://namu.wiki/w/%EA%B9%80%EC%9D%80%ED%9D%AC
3,이수정(교수),https://namu.wiki/w/%EC%9D%B4%EC%88%98%EC%A0%95(%EA%B5%90%EC%88%98)
3,권일용,https://namu.wiki/w/%EA%B6%8C%EC%9D%BC%EC%9A%A9
3,송재익,https://namu.wiki/w/%EC%86%A1%EC%9E%AC%EC%9D%B5
3,원태연,https://namu.wiki/w/%EC%9B%90%ED%83%9C%EC%97%B0
3,정세랑,https://namu.wiki/w/%EC%A0%95%EC%84%B8%EB%9E%91
3,이욱정,https://namu.wiki/w/%EC%9D%B4%EC%9A%B1%EC%A0%95
3,배두나,https://namu.wiki/w/%EB%B0%B0%EB%91%90%EB%82%98
3,배재민,https://namu.wiki/w/%EB%B0%B0%EC%9E%AC%EB%AF%BC
3,김민수(1991년 10월),https://namu.wiki/w/%EA%B9%80%EB%AF%BC%EC%88%98(1991%EB%85%84%2010%EC%9B%94)
3,김해준,https://namu.wiki/w/%EA%B9%80%ED%95%B4%EC%A4%80
3,김진호,https://namu.wiki/w/%EA%B9%80%EC%A7%84%ED%98%B8
3,강수진(KBS 성우),https://namu.wiki/w/%EA%B0%95%EC%88%98%EC%A7%84(KBS%20%EC%84%B1%EC%9A%B0)
3,곽재식,https://namu.wiki/w/%EA%B3%BD%EC%9E%AC%EC%8B%9D
3,지진희,https://namu.wiki/w/%EC%A7%80%EC%A7%84%ED%9D%AC
3,박찬암,https://namu.wiki/w/%EB%B0%95%EC%B0%AC%EC%95%94
3,정우덕,https://namu.wiki/w/%EC%A0%95%EC%9A%B0%EB%8D%95
3,비(연예인),https://namu.wiki/w/%EB%B9%84(%EC%97%B0%EC%98%88%EC%9D%B8)
3,김인현,https://namu.wiki/w/%EA%B9%80%EC%9D%B8%ED%98%84
3,진기주,https://namu.wiki/w/%EC%A7%84%EA%B8%B0%EC%A3%BC
3,성귀수,https://namu.wiki/w/%EC%84%B1%EA%B7%80%EC%88%98
3,브레이브걸스,https://namu.wiki/w/%EB%B8%8C%EB%A0%88%EC%9D%B4%EB%B8%8C%EA%B1%B8%EC%8A%A4
3,이선(성우),https://namu.wiki/w/%EC%9D%B4%EC%84%A0(%EC%84%B1%EC%9A%B0)
3,아이유,https://namu.wiki/w/%EC%95%84%EC%9D%B4%EC%9C%A0
3,나태주(시인),https://namu.wiki/w/%EB%82%98%ED%83%9C%EC%A3%BC(%EC%8B%9C%EC%9D%B8)
3,니키 리,https://namu.wiki/w/%EB%8B%88%ED%82%A4%20%EB%A6%AC
3,이동진,https://namu.wiki/w/%EC%9D%B4%EB%8F%99%EC%A7%84
3,남창희,https://namu.wiki/w/%EB%82%A8%EC%B0%BD%ED%9D%AC
3,지석진,https://namu.wiki/w/%EC%A7%80%EC%84%9D%EC%A7%84
3,김영희(PD),https://namu.wiki/w/%EA%B9%80%EC%98%81%ED%9D%AC(PD)
3,이준수(2007),https://namu.wiki/w/%EC%9D%B4%EC%A4%80%EC%88%98(2007)
3,이기진,https://namu.wiki/w/%EC%9D%B4%EA%B8%B0%EC%A7%84
3,박준(시인),https://namu.wiki/w/%EB%B0%95%EC%A4%80(%EC%8B%9C%EC%9D%B8)
3,홍진경,https://namu.wiki/w/%ED%99%8D%EC%A7%84%EA%B2%BD
3,정유정(소설가),https://namu.wiki/w/%EC%A0%95%EC%9C%A0%EC%A0%95(%EC%86%8C%EC%84%A4%EA%B0%80)
3,조수미,https://namu.wiki/w/%EC%A1%B0%EC%88%98%EB%AF%B8
3,박정민(배우),https://namu.wiki/w/%EB%B0%95%EC%A0%95%EB%AF%BC(%EB%B0%B0%EC%9A%B0)
3,이종필(감독),https://namu.wiki/w/%EC%9D%B4%EC%A2%85%ED%95%84(%EA%B0%90%EB%8F%85)
3,신하균,https://namu.wiki/w/%EC%8B%A0%ED%95%98%EA%B7%A0
3,도경완,https://namu.wiki/w/%EB%8F%84%EA%B2%BD%EC%99%84
3,빅마마(가수),https://namu.wiki/w/%EB%B9%85%EB%A7%88%EB%A7%88(%EA%B0%80%EC%88%98)
3,이상순,https://namu.wiki/w/%EC%9D%B4%EC%83%81%EC%88%9C
3,최성재(영화인),https://namu.wiki/w/%EC%B5%9C%EC%84%B1%EC%9E%AC(%EC%98%81%ED%99%94%EC%9D%B8)
3,SG워너비,https://namu.wiki/w/SG%EC%9B%8C%EB%84%88%EB%B9%84
3,조승우,https://namu.wiki/w/%EC%A1%B0%EC%8A%B9%EC%9A%B0
3,안창림,https://namu.wiki/w/%EC%95%88%EC%B0%BD%EB%A6%BC
3,강채영,https://namu.wiki/w/%EA%B0%95%EC%B1%84%EC%98%81
3,장민희,https://namu.wiki/w/%EC%9E%A5%EB%AF%BC%ED%9D%AC
3,안산(양궁),https://namu.wiki/w/%EC%95%88%EC%82%B0(%EC%96%91%EA%B6%81)
3,코퀴야드 안드레 진,https://namu.wiki/w/%EC%BD%94%ED%80%B4%EC%95%BC%EB%93%9C%20%EC%95%88%EB%93%9C%EB%A0%88%20%EC%A7%84
3,신재환,https://namu.wiki/w/%EC%8B%A0%EC%9E%AC%ED%99%98
3,여서정,https://namu.wiki/w/%EC%97%AC%EC%84%9C%EC%A0%95
3,오진혁,https://namu.wiki/w/%EC%98%A4%EC%A7%84%ED%98%81
3,김우진(양궁),https://namu.wiki/w/%EA%B9%80%EC%9A%B0%EC%A7%84(%EC%96%91%EA%B6%81)
3,김제덕,https://namu.wiki/w/%EA%B9%80%EC%A0%9C%EB%8D%95
3,황정민,https://namu.wiki/w/%ED%99%A9%EC%A0%95%EB%AF%BC
3,조구함,https://namu.wiki/w/%EC%A1%B0%EA%B5%AC%ED%95%A8
3,김수지(배구선수),https://namu.wiki/w/%EA%B9%80%EC%88%98%EC%A7%80(%EB%B0%B0%EA%B5%AC%EC%84%A0%EC%88%98)
3,오지영,https://namu.wiki/w/%EC%98%A4%EC%A7%80%EC%98%81
3,양효진,https://namu.wiki/w/%EC%96%91%ED%9A%A8%EC%A7%84
3,소녀시대,https://namu.wiki/w/%EC%86%8C%EB%85%80%EC%8B%9C%EB%8C%80
3,백미경,https://namu.wiki/w/%EB%B0%B1%EB%AF%B8%EA%B2%BD
3,장항준,https://namu.wiki/w/%EC%9E%A5%ED%95%AD%EC%A4%80
3,박지성,https://namu.wiki/w/%EB%B0%95%EC%A7%80%EC%84%B1
3,김고은,https://namu.wiki/w/%EA%B9%80%EA%B3%A0%EC%9D%80
3,김보성,https://namu.wiki/w/%EA%B9%80%EB%B3%B4%EC%84%B1
3,최현준(모델),https://namu.wiki/w/%EC%B5%9C%ED%98%84%EC%A4%80(%EB%AA%A8%EB%8D%B8)
3,한동기,https://namu.wiki/w/%ED%95%9C%EB%8F%99%EA%B8%B0
3,이정용(배우),https://namu.wiki/w/%EC%9D%B4%EC%A0%95%EC%9A%A9(%EB%B0%B0%EC%9A%B0)
3,세금내는아이들,https://namu.wiki/w/%EC%84%B8%EA%B8%88%EB%82%B4%EB%8A%94%EC%95%84%EC%9D%B4%EB%93%A4
3,백낙삼,https://namu.wiki/w/%EB%B0%B1%EB%82%99%EC%82%BC
3,땡깡(유튜버),https://namu.wiki/w/%EB%95%A1%EA%B9%A1(%EC%9C%A0%ED%8A%9C%EB%B2%84)
3,진절미,https://namu.wiki/w/%EC%A7%84%EC%A0%88%EB%AF%B8
3,정호연,https://namu.wiki/w/%EC%A0%95%ED%98%B8%EC%97%B0
3,루시드폴,https://namu.wiki/w/%EB%A3%A8%EC%8B%9C%EB%93%9C%ED%8F%B4
3,스트릿 우먼 파이터,https://namu.wiki/w/%EC%8A%A4%ED%8A%B8%EB%A6%BF%20%EC%9A%B0%EB%A8%BC%20%ED%8C%8C%EC%9D%B4%ED%84%B0
3,여준석,https://namu.wiki/w/%EC%97%AC%EC%A4%80%EC%84%9D
3,공군 공정통제사,https://namu.wiki/w/%EA%B3%B5%EA%B5%B0%20%EA%B3%B5%EC%A0%95%ED%86%B5%EC%A0%9C%EC%82%AC
3,우영미,https://namu.wiki/w/%EC%9A%B0%EC%98%81%EB%AF%B8
3,윤계상,https://namu.wiki/w/%EC%9C%A4%EA%B3%84%EC%83%81
3,민희진,https://namu.wiki/w/%EB%AF%BC%ED%9D%AC%EC%A7%84
3,최우식,https://namu.wiki/w/%EC%B5%9C%EC%9A%B0%EC%8B%9D
3,오지헌,https://namu.wiki/w/%EC%98%A4%EC%A7%80%ED%97%8C
3,아빠! 어디가?/출연자,https://namu.wiki/w/%EC%95%84%EB%B9%A0!%20%EC%96%B4%EB%94%94%EA%B0%80%3F/%EC%B6%9C%EC%97%B0%EC%9E%90#s-5.3
3,이정후,https://namu.wiki/w/%EC%9D%B4%EC%A0%95%ED%9B%84
3,AKMU,https://namu.wiki/w/AKMU
3,이찬혁,https://namu.wiki/w/%EC%9D%B4%EC%B0%AC%ED%98%81
3,이수현,https://namu.wiki/w/%EC%9D%B4%EC%88%98%ED%98%84
3,구교환,https://namu.wiki/w/%EA%B5%AC%EA%B5%90%ED%99%98
3,이동욱,https://namu.wiki/w/%EC%9D%B4%EB%8F%99%EC%9A%B1
3,이정재,https://namu.wiki/w/%EC%9D%B4%EC%A0%95%EC%9E%AC
3,황선우,https://namu.wiki/w/%ED%99%A9%EC%84%A0%EC%9A%B0
3,이말년,https://namu.wiki/w/%EC%9D%B4%EB%A7%90%EB%85%84
3,두봉,https://namu.wiki/w/%EB%91%90%EB%B4%89
3,고수(배우),https://namu.wiki/w/%EA%B3%A0%EC%88%98(%EB%B0%B0%EC%9A%B0)
3,손예진,https://namu.wiki/w/%EC%86%90%EC%98%88%EC%A7%84
3,닥터베르,https://namu.wiki/w/%EB%8B%A5%ED%84%B0%EB%B2%A0%EB%A5%B4
3,김나영(1981),https://namu.wiki/w/%EA%B9%80%EB%82%98%EC%98%81(1981)
3,황석희,https://namu.wiki/w/%ED%99%A9%EC%84%9D%ED%9D%AC
3,쇼트트랙 스피드 스케이팅,https://namu.wiki/w/%EC%87%BC%ED%8A%B8%ED%8A%B8%EB%9E%99%20%EC%8A%A4%ED%94%BC%EB%93%9C%20%EC%8A%A4%EC%BC%80%EC%9D%B4%ED%8C%85
3,박재민(배우),https://namu.wiki/w/%EB%B0%95%EC%9E%AC%EB%AF%BC(%EB%B0%B0%EC%9A%B0)
3,차준환,https://namu.wiki/w/%EC%B0%A8%EC%A4%80%ED%99%98
3,임재혁(배우),https://namu.wiki/w/%EC%9E%84%EC%9E%AC%ED%98%81(%EB%B0%B0%EC%9A%B0)
3,컬링,https://namu.wiki/w/%EC%BB%AC%EB%A7%81
3,정지웅(노랑곰),https://namu.wiki/w/%EC%A0%95%EC%A7%80%EC%9B%85(%EB%85%B8%EB%9E%91%EA%B3%B0)
3,이민정,https://namu.wiki/w/%EC%9D%B4%EB%AF%BC%EC%A0%95
3,홍진호,https://namu.wiki/w/%ED%99%8D%EC%A7%84%ED%98%B8
3,입짧은햇님,https://namu.wiki/w/%EC%9E%85%EC%A7%A7%EC%9D%80%ED%96%87%EB%8B%98
3,윤여정,https://namu.wiki/w/%EC%9C%A4%EC%97%AC%EC%A0%95
3,조나단(유튜버),https://namu.wiki/w/%EC%A1%B0%EB%82%98%EB%8B%A8(%EC%9C%A0%ED%8A%9C%EB%B2%84)
3,박희순,https://namu.wiki/w/%EB%B0%95%ED%9D%AC%EC%88%9C
3,임종령,https://namu.wiki/w/%EC%9E%84%EC%A2%85%EB%A0%B9
3,한문철,https://namu.wiki/w/%ED%95%9C%EB%AC%B8%EC%B2%A0
3,김종기(사회 운동가),https://namu.wiki/w/%EA%B9%80%EC%A2%85%EA%B8%B0(%EC%82%AC%ED%9A%8C%20%EC%9A%B4%EB%8F%99%EA%B0%80)
3,이소은(가수),https://namu.wiki/w/%EC%9D%B4%EC%86%8C%EC%9D%80(%EA%B0%80%EC%88%98)
3,윤석열,https://namu.wiki/w/%EC%9C%A4%EC%84%9D%EC%97%B4
3,새덕후,https://namu.wiki/w/%EC%83%88%EB%8D%95%ED%9B%84
3,박보영,https://namu.wiki/w/%EB%B0%95%EB%B3%B4%EC%98%81
3,강형욱,https://namu.wiki/w/%EA%B0%95%ED%98%95%EC%9A%B1
3,정찬성,https://namu.wiki/w/%EC%A0%95%EC%B0%AC%EC%84%B1
3,임영웅,https://namu.wiki/w/%EC%9E%84%EC%98%81%EC%9B%85
3,김민섭(작가),https://namu.wiki/w/%EA%B9%80%EB%AF%BC%EC%84%AD(%EC%9E%91%EA%B0%80)
3,크라잉 넛,https://namu.wiki/w/%ED%81%AC%EB%9D%BC%EC%9E%89%20%EB%84%9B#s-2.2
3,최재천,https://namu.wiki/w/%EC%B5%9C%EC%9E%AC%EC%B2%9C
3,김수지(아나운서),https://namu.wiki/w/%EA%B9%80%EC%88%98%EC%A7%80(%EC%95%84%EB%82%98%EC%9A%B4%EC%84%9C)
3,김영하,https://namu.wiki/w/%EA%B9%80%EC%98%81%ED%95%98
3,허태균,https://namu.wiki/w/%ED%97%88%ED%83%9C%EA%B7%A0
3,CL,https://namu.wiki/w/CL
3,김선민,https://namu.wiki/w/%EA%B9%80%EC%84%A0%EB%AF%BC
3,김원식(축구선수),https://namu.wiki/w/%EA%B9%80%EC%9B%90%EC%8B%9D(%EC%B6%95%EA%B5%AC%EC%84%A0%EC%88%98)
3,이해리,https://namu.wiki/w/%EC%9D%B4%ED%95%B4%EB%A6%AC
3,강민경,https://namu.wiki/w/%EA%B0%95%EB%AF%BC%EA%B2%BD
3,박주영(법조인),https://namu.wiki/w/%EB%B0%95%EC%A3%BC%EC%98%81(%EB%B2%95%EC%A1%B0%EC%9D%B8)
3,유지태,https://namu.wiki/w/%EC%9C%A0%EC%A7%80%ED%83%9C
3,루나파크,https://namu.wiki/w/%EB%A3%A8%EB%82%98%ED%8C%8C%ED%81%AC
3,곽상은,https://namu.wiki/w/%EA%B3%BD%EC%83%81%EC%9D%80
3,구준엽,https://namu.wiki/w/%EA%B5%AC%EC%A4%80%EC%97%BD
3,이주영(태권도),https://namu.wiki/w/%EC%9D%B4%EC%A3%BC%EC%98%81(%ED%83%9C%EA%B6%8C%EB%8F%84)
3,준호,https://namu.wiki/w/%EC%A4%80%ED%98%B8
3,박항서,https://namu.wiki/w/%EB%B0%95%ED%95%AD%EC%84%9C
3,한지민,https://namu.wiki/w/%ED%95%9C%EC%A7%80%EB%AF%BC
3,박경림,https://namu.wiki/w/%EB%B0%95%EA%B2%BD%EB%A6%BC
3,김상욱,https://namu.wiki/w/%EA%B9%80%EC%83%81%EC%9A%B1
3,배철수,https://namu.wiki/w/%EB%B0%B0%EC%B2%A0%EC%88%98
3,구창모(가수),https://namu.wiki/w/%EA%B5%AC%EC%B0%BD%EB%AA%A8(%EA%B0%80%EC%88%98)
3,김신영,https://namu.wiki/w/%EA%B9%80%EC%8B%A0%EC%98%81
4,김한민,https://namu.wiki/w/%EA%B9%80%ED%95%9C%EB%AF%BC
4,박은빈,https://namu.wiki/w/%EB%B0%95%EC%9D%80%EB%B9%88
4,문상훈,https://namu.wiki/w/%EB%AC%B8%EC%83%81%ED%9B%88
4,소지섭,https://namu.wiki/w/%EC%86%8C%EC%A7%80%EC%84%AD
4,혜리,https://namu.wiki/w/%ED%98%9C%EB%A6%AC
4,주호민,https://namu.wiki/w/%EC%A3%BC%ED%98%B8%EB%AF%BC
4,진선규,https://namu.wiki/w/%EC%A7%84%EC%84%A0%EA%B7%9C
4,이대호,https://namu.wiki/w/%EC%9D%B4%EB%8C%80%ED%98%B8
4,폴 김,https://namu.wiki/w/%ED%8F%B4%20%EA%B9%80
4,유홍준,https://namu.wiki/w/%EC%9C%A0%ED%99%8D%EC%A4%80
4,이서진,https://namu.wiki/w/%EC%9D%B4%EC%84%9C%EC%A7%84
4,유해진,https://namu.wiki/w/%EC%9C%A0%ED%95%B4%EC%A7%84
4,션(지누션),https://namu.wiki/w/%EC%85%98(%EC%A7%80%EB%88%84%EC%85%98)
4,배혜지,https://namu.wiki/w/%EB%B0%B0%ED%98%9C%EC%A7%80
4,남유진(기상캐스터),https://namu.wiki/w/%EB%82%A8%EC%9C%A0%EC%A7%84(%EA%B8%B0%EC%83%81%EC%BA%90%EC%8A%A4%ED%84%B0)
4,오요안나,https://namu.wiki/w/%EC%98%A4%EC%9A%94%EC%95%88%EB%82%98
4,손석구,https://namu.wiki/w/%EC%86%90%EC%84%9D%EA%B5%AC
4,god(아이돌),https://namu.wiki/w/god(%EC%95%84%EC%9D%B4%EB%8F%8C)
4,NewJeans,https://namu.wiki/w/NewJeans
4,손웅정,https://namu.wiki/w/%EC%86%90%EC%9B%85%EC%A0%95
4,오승훈(아나운서),https://namu.wiki/w/%EC%98%A4%EC%8A%B9%ED%9B%88(%EC%95%84%EB%82%98%EC%9A%B4%EC%84%9C)
4,황인범,https://namu.wiki/w/%ED%99%A9%EC%9D%B8%EB%B2%94
4,김민재,https://namu.wiki/w/%EA%B9%80%EB%AF%BC%EC%9E%AC
4,포레스텔라,https://namu.wiki/w/%ED%8F%AC%EB%A0%88%EC%8A%A4%ED%85%94%EB%9D%BC
4,조규성,https://namu.wiki/w/%EC%A1%B0%EA%B7%9C%EC%84%B1
4,조정석,https://namu.wiki/w/%EC%A1%B0%EC%A0%95%EC%84%9D
4,Just Jerk,https://namu.wiki/w/Just%20Jerk
4,김혜자,https://namu.wiki/w/%EA%B9%80%ED%98%9C%EC%9E%90
4,페퍼톤스,https://namu.wiki/w/%ED%8E%98%ED%8D%BC%ED%86%A4%EC%8A%A4
4,민병철,https://namu.wiki/w/%EB%AF%BC%EB%B3%91%EC%B2%A0
4,이하늬,https://namu.wiki/w/%EC%9D%B4%ED%95%98%EB%8A%AC
4,설채현,https://namu.wiki/w/%EC%84%A4%EC%B1%84%ED%98%84
4,나응식,https://namu.wiki/w/%EB%82%98%EC%9D%91%EC%8B%9D
4,곽튜브,https://namu.wiki/w/%EA%B3%BD%ED%8A%9C%EB%B8%8C
4,원지의하루,https://namu.wiki/w/%EC%9B%90%EC%A7%80%EC%9D%98%ED%95%98%EB%A3%A8
4,이성민(배우),https://namu.wiki/w/%EC%9D%B4%EC%84%B1%EB%AF%BC(%EB%B0%B0%EC%9A%B0)
4,조정식(강사),https://namu.wiki/w/%EC%A1%B0%EC%A0%95%EC%8B%9D(%EA%B0%95%EC%82%AC)
4,김민정(강사),https://namu.wiki/w/%EA%B9%80%EB%AF%BC%EC%A0%95(%EA%B0%95%EC%82%AC)
4,정성일(배우),https://namu.wiki/w/%EC%A0%95%EC%84%B1%EC%9D%BC(%EB%B0%B0%EC%9A%B0)
4,데니스 홍,https://namu.wiki/w/%EB%8D%B0%EB%8B%88%EC%8A%A4%20%ED%99%8D
4,김성근,https://namu.wiki/w/%EA%B9%80%EC%84%B1%EA%B7%BC
4,승효상,https://namu.wiki/w/%EC%8A%B9%ED%9A%A8%EC%83%81
4,임시완,https://namu.wiki/w/%EC%9E%84%EC%8B%9C%EC%99%84
4,정재일,https://namu.wiki/w/%EC%A0%95%EC%9E%AC%EC%9D%BC
4,장미란,https://namu.wiki/w/%EC%9E%A5%EB%AF%B8%EB%9E%80
4,조진웅,https://namu.wiki/w/%EC%A1%B0%EC%A7%84%EC%9B%85
4,안세영,https://namu.wiki/w/%EC%95%88%EC%84%B8%EC%98%81
4,최양락,https://namu.wiki/w/%EC%B5%9C%EC%96%91%EB%9D%BD
4,황광희,https://namu.wiki/w/%ED%99%A9%EA%B4%91%ED%9D%AC
4,추성훈,https://namu.wiki/w/%EC%B6%94%EC%84%B1%ED%9B%88
4,이지선(1978),https://namu.wiki/w/%EC%9D%B4%EC%A7%80%EC%84%A0(1978)
4,이도현,https://namu.wiki/w/%EC%9D%B4%EB%8F%84%ED%98%84
4,조성진(피아니스트),https://namu.wiki/w/%EC%A1%B0%EC%84%B1%EC%A7%84(%ED%94%BC%EC%95%84%EB%8B%88%EC%8A%A4%ED%8A%B8)
4,전도연,https://namu.wiki/w/%EC%A0%84%EB%8F%84%EC%97%B0
4,알비올 안드레스,https://namu.wiki/w/%EC%95%8C%EB%B9%84%EC%98%AC%20%EC%95%88%EB%93%9C%EB%A0%88%EC%8A%A4
4,성시경,https://namu.wiki/w/%EC%84%B1%EC%8B%9C%EA%B2%BD
4,김희애,https://namu.wiki/w/%EA%B9%80%ED%9D%AC%EC%95%A0
4,이채운,https://namu.wiki/w/%EC%9D%B4%EC%B1%84%EC%9A%B4
4,이병헌(영화감독),https://namu.wiki/w/%EC%9D%B4%EB%B3%91%ED%97%8C(%EC%98%81%ED%99%94%EA%B0%90%EB%8F%85)
4,이제훈,https://namu.wiki/w/%EC%9D%B4%EC%A0%9C%ED%9B%88
4,안될과학,https://namu.wiki/w/%EC%95%88%EB%90%A0%EA%B3%BC%ED%95%99#s-2.1
4,태양(BIGBANG),https://namu.wiki/w/%ED%83%9C%EC%96%91(BIGBANG)
4,에픽하이,https://namu.wiki/w/%EC%97%90%ED%94%BD%ED%95%98%EC%9D%B4
4,김소연(배우),https://namu.wiki/w/%EA%B9%80%EC%86%8C%EC%97%B0(%EB%B0%B0%EC%9A%B0)
4,김수정(만화가),https://namu.wiki/w/%EA%B9%80%EC%88%98%EC%A0%95(%EB%A7%8C%ED%99%94%EA%B0%80)
4,김우빈,https://namu.wiki/w/%EA%B9%80%EC%9A%B0%EB%B9%88
4,유준하,https://namu.wiki/w/%EC%9C%A0%EC%A4%80%ED%95%98
4,사내뷰공업,https://namu.wiki/w/%EC%82%AC%EB%82%B4%EB%B7%B0%EA%B3%B5%EC%97%85
4,류승범,https://namu.wiki/w/%EB%A5%98%EC%8A%B9%EB%B2%94
4,이금희,https://namu.wiki/w/%EC%9D%B4%EA%B8%88%ED%9D%AC
4,강철원(사육사),https://namu.wiki/w/%EA%B0%95%EC%B2%A0%EC%9B%90(%EC%82%AC%EC%9C%A1%EC%82%AC)
4,정동식,https://namu.wiki/w/%EC%A0%95%EB%8F%99%EC%8B%9D
4,김연경,https://namu.wiki/w/%EA%B9%80%EC%97%B0%EA%B2%BD
4,엄정화,https://namu.wiki/w/%EC%97%84%EC%A0%95%ED%99%94
4,김성면,https://namu.wiki/w/%EA%B9%80%EC%84%B1%EB%A9%B4
4,나들,https://namu.wiki/w/%EB%82%98%EB%93%A4
4,박승화,https://namu.wiki/w/%EB%B0%95%EC%8A%B9%ED%99%94
4,이정봉,https://namu.wiki/w/%EC%9D%B4%EC%A0%95%EB%B4%89
4,김병철(배우),https://namu.wiki/w/%EA%B9%80%EB%B3%91%EC%B2%A0(%EB%B0%B0%EC%9A%B0)
4,콜린 크룩스,https://namu.wiki/w/%EC%BD%9C%EB%A6%B0%20%ED%81%AC%EB%A3%A9%EC%8A%A4
4,이준혁,https://namu.wiki/w/%EC%9D%B4%EC%A4%80%ED%98%81
4,김용만,https://namu.wiki/w/%EA%B9%80%EC%9A%A9%EB%A7%8C
4,김연아,https://namu.wiki/w/%EA%B9%80%EC%97%B0%EC%95%84
4,장한나,https://namu.wiki/w/%EC%9E%A5%ED%95%9C%EB%82%98
4,신구,https://namu.wiki/w/%EC%8B%A0%EA%B5%AC
4,강기영,https://namu.wiki/w/%EA%B0%95%EA%B8%B0%EC%98%81
4,주현영,https://namu.wiki/w/%EC%A3%BC%ED%98%84%EC%98%81
4,남궁민,https://namu.wiki/w/%EB%82%A8%EA%B6%81%EB%AF%BC
4,임지연,https://namu.wiki/w/%EC%9E%84%EC%A7%80%EC%97%B0
4,이병헌,https://namu.wiki/w/%EC%9D%B4%EB%B3%91%ED%97%8C
4,띠예,https://namu.wiki/w/%EB%9D%A0%EC%98%88
4,배수현,https://namu.wiki/w/%EB%B0%B0%EC%88%98%ED%98%84
4,김희선,https://namu.wiki/w/%EA%B9%80%ED%9D%AC%EC%84%A0
4,이대우(경찰),https://namu.wiki/w/%EC%9D%B4%EB%8C%80%EC%9A%B0(%EA%B2%BD%EC%B0%B0)
4,정유미(1983),https://namu.wiki/w/%EC%A0%95%EC%9C%A0%EB%AF%B8(1983)
4,이준기,https://namu.wiki/w/%EC%9D%B4%EC%A4%80%EA%B8%B0
4,천종원,https://namu.wiki/w/%EC%B2%9C%EC%A2%85%EC%9B%90
4,뷔,https://namu.wiki/w/%EB%B7%94
4,강동원,https://namu.wiki/w/%EA%B0%95%EB%8F%99%EC%9B%90
4,덱스(유튜버),https://namu.wiki/w/%EB%8D%B1%EC%8A%A4(%EC%9C%A0%ED%8A%9C%EB%B2%84)
4,김남길,https://namu.wiki/w/%EA%B9%80%EB%82%A8%EA%B8%B8
4,윤도현,https://namu.wiki/w/%EC%9C%A4%EB%8F%84%ED%98%84
4,박세리,https://namu.wiki/w/%EB%B0%95%EC%84%B8%EB%A6%AC
4,이다슬,https://namu.wiki/w/%EC%9D%B4%EB%8B%A4%EC%8A%AC
4,황선우,https://namu.wiki/w/%ED%99%A9%EC%84%A0%EC%9A%B0
4,김우민(수영),https://namu.wiki/w/%EA%B9%80%EC%9A%B0%EB%AF%BC(%EC%88%98%EC%98%81)
4,이호준(수영),https://namu.wiki/w/%EC%9D%B4%ED%98%B8%EC%A4%80(%EC%88%98%EC%98%81)
4,양재훈,https://namu.wiki/w/%EC%96%91%EC%9E%AC%ED%9B%88
4,오정세,https://namu.wiki/w/%EC%98%A4%EC%A0%95%EC%84%B8
4,김관우(게이머),https://namu.wiki/w/%EA%B9%80%EA%B4%80%EC%9A%B0(%EA%B2%8C%EC%9D%B4%EB%A8%B8)
4,신혜선,https://namu.wiki/w/%EC%8B%A0%ED%98%9C%EC%84%A0
4,유병재,https://namu.wiki/w/%EC%9C%A0%EB%B3%91%EC%9E%AC
4,신유빈,https://namu.wiki/w/%EC%8B%A0%EC%9C%A0%EB%B9%88
4,백승호,https://namu.wiki/w/%EB%B0%B1%EC%8A%B9%ED%98%B8
4,엄원상,https://namu.wiki/w/%EC%97%84%EC%9B%90%EC%83%81
4,송민규,https://namu.wiki/w/%EC%86%A1%EB%AF%BC%EA%B7%9C
4,박진영,https://namu.wiki/w/%EB%B0%95%EC%A7%84%EC%98%81
4,방시혁,https://namu.wiki/w/%EB%B0%A9%EC%8B%9C%ED%98%81
4,최수종,https://namu.wiki/w/%EC%B5%9C%EC%88%98%EC%A2%85
4,김하성,https://namu.wiki/w/%EA%B9%80%ED%95%98%EC%84%B1
4,임수정,https://namu.wiki/w/%EC%9E%84%EC%88%98%EC%A0%95
4,오지환,https://namu.wiki/w/%EC%98%A4%EC%A7%80%ED%99%98
4,임찬규,https://namu.wiki/w/%EC%9E%84%EC%B0%AC%EA%B7%9C
4,유연석,https://namu.wiki/w/%EC%9C%A0%EC%97%B0%EC%84%9D
4,김지윤(정치학자),https://namu.wiki/w/%EA%B9%80%EC%A7%80%EC%9C%A4(%EC%A0%95%EC%B9%98%ED%95%99%EC%9E%90)
4,하지원,https://namu.wiki/w/%ED%95%98%EC%A7%80%EC%9B%90
4,이진형(교수),https://namu.wiki/w/%EC%9D%B4%EC%A7%84%ED%98%95(%EA%B5%90%EC%88%98)
4,김록호,https://namu.wiki/w/%EA%B9%80%EB%A1%9D%ED%98%B8
4,안은진,https://namu.wiki/w/%EC%95%88%EC%9D%80%EC%A7%84
4,박서준,https://namu.wiki/w/%EB%B0%95%EC%84%9C%EC%A4%80
4,이상혁,https://namu.wiki/w/%EC%9D%B4%EC%83%81%ED%98%81
4,김창옥,https://namu.wiki/w/%EA%B9%80%EC%B0%BD%EC%98%A5
4,장나라,https://namu.wiki/w/%EC%9E%A5%EB%82%98%EB%9D%BC
4,오승은(1980),https://namu.wiki/w/%EC%98%A4%EC%8A%B9%EC%9D%80(1980)
4,공효진,https://namu.wiki/w/%EA%B3%B5%ED%9A%A8%EC%A7%84
4,박학기,https://namu.wiki/w/%EB%B0%95%ED%95%99%EA%B8%B0
4,이정은(1970),https://namu.wiki/w/%EC%9D%B4%EC%A0%95%EC%9D%80(1970)
4,장현성,https://namu.wiki/w/%EC%9E%A5%ED%98%84%EC%84%B1
4,김대호(아나운서),https://namu.wiki/w/%EA%B9%80%EB%8C%80%ED%98%B8(%EC%95%84%EB%82%98%EC%9A%B4%EC%84%9C)
4,유연수,https://namu.wiki/w/%EC%9C%A0%EC%97%B0%EC%88%98
4,윤상,https://namu.wiki/w/%EC%9C%A4%EC%83%81
4,앤톤,https://namu.wiki/w/%EC%95%A4%ED%86%A4
4,박인비,https://namu.wiki/w/%EB%B0%95%EC%9D%B8%EB%B9%84
4,김영옥(1938),https://namu.wiki/w/%EA%B9%80%EC%98%81%EC%98%A5(1938)
4,나문희,https://namu.wiki/w/%EB%82%98%EB%AC%B8%ED%9D%AC
