시즌,에피소드,날짜,주제,출연자,직업,시청률
1,1,2018-08-29,Step by Step,서유림 Sm Uzzal  Sompa Sharin 임일빈 김명화 김태범  박희상,"1, 2, 3, 4, 5",2.3
1,2,2018-09-05,만남,김성중 박종훈 정재영  김성섭 최재이 길영인  양은영 이단비,"6, 7, 8, 9, 10, 11",1.9
1,3,2018-09-12,비와 당신,박현준 김정원  조아영 신호순  토토 Emo  Ismail 김호진 양지훈  안혜진 박영철 김재영,"13, 14, 15, 16, 17, 18, 19, 20",1.8
1,4,2018-09-19,Power Up,김재영 이화영 최혜원  정서현 김윤배  박시현 송경숙  문은경  이수민 김수현,"21, 22, 23, 24, 25, 26",1.9
1,5,2018-09-26,동네 한 바퀴,김수현 김지현 유광수  박현정  박누리  조가영 고효석  김종순  조부자 원정윤  최라온 이상영 유은제,"29, 30, 31, 32, 33, 34, 35",1.5
1,6,2018-10-03,New Rules,문혜정 박대은 장승희  문희진 최재용  박형주  최형구 이재윤 허은지  이동수 주은혜 권아론,"37, 38, 39, 40, 41, 42, 43, 44",1.6
1,7,2018-10-10,초심으로,한재호 정해정 정재훈  양선호  이영훈 문관일  김미경  문보성  문해진 서미령 김성진 노윤령 이정혜,"45, 46, 47, 48, 49, 50, 51, 52",1.5
1,8,2018-10-17,가을이 오면,오재성 이경수 허성행 김세운 채우정 정승일  정유경 주효성 장희태  김선미  장석균  장희원,"53, 54, 55, 56, 57, 58, 59, 60",1.7
1,9,2018-10-24,압구정 날라리,홍정우 원예나  이지현  김민하 조규찬  장상훈  신형원 박지현  봉민균  윤정민  이범준 권윤나 김윤성개코 조가현  전해나  부승관,"61, 62, 63, 64, 65, 66, 67",1.6
1,10,2018-10-31,잊혀진 계절,이재하 박경철 강영욱 이원경 이승주  송수영 박지형 이군희 조상량 문광선,"68, 69, 70, 71, 72, 73, 74, 75, 76",1.7
1,11,2018-11-07,시간과 낙엽,김지혜 최기락 최선남 유성모 이윤경 김영식  김수영  김채영 김봉은 여다경  장선영  신수영  박근정  이희진  김한나  배한나,"77, 78, 79, 80, 81, 82, 83, 84",1.7
1,12,2018-11-14,YES or YES,나한성  임민현 현수용  강숙자 서인희 김경열 임은총  장보배 조성환 여우주  한비빈 안옥희  이금덕 김현정  김건호,"85, 86, 87, 88, 89, 90, 91, 92, 93",1.5
2,13,2019-04-16,"다시 돌아, 봄",한묘석  복남순 이덕훈 이보미 이은우 심길진 나한별 지병수,"94, 95, 96, 97, 98, 99, 100",2
2,14,2019-04-23,장밋빛 인생,김다영 정기훈 나태복  신덕순 이덕영 박장운 조영욱  정진서 이송민,"101, 102, 103, 104, 105, 106, 107",2.1
2,15,2019-04-30,주인공,김홍순  민명훈 허영무  박현주 양채은  김좌은  임예빈  정은채 박지영 강철원 임예찬  방소영 유호진,"108, 109, 110, 111, 112, 113, 114",2
2,16,2019-05-07,눈이 부시게,서정관 안태웅 이용철  안태진 배효빈  송예림 이상희  김길자 최금실 이상연,"116, 117, 118, 119, 120, 121, 122",2.2
2,17,2019-05-14,깊은 우리 젊은 날,정영진 신상문 김형근 강수빈  신주성 변지권 김호섭,"123, 124, 125, 126, 127, 128",2.5
2,18,2019-05-21,Old Town Road,박규빈 김필중 박응경 정장환 김세운,"129, 130, 131, 132, 133",2.3
2,19,2019-05-28,칸타빌레,장현원 김병철 윤권기 임성재  손승희 김종산 권해효 윤창민 김동현  조남진,"136, 137, 138, 139, 140, 141, 142, 143",2.2
2,20,2019-06-04,개화(開化),강중희 김효실 이유림 하유자 장금순 지상렬,"144, 145, 146, 147, 148, 149",2.2
2,21,2019-06-11,Technologic,허영순 김지안  윤현우 김종혁  문종연 조정환 이정성 김승수  한대식,"151, 152, 153, 154, 155, 156",1.9
2,22,2019-06-18,비밀의 화원,나방자 이마리아 나승원  라영훈 김영갑 정영일  장정완 김수진 김진혁  이현규,"157, 158, 159, 160, 161, 162, 163",2.4
2,23,2019-06-25,Fix You,최선정  남택우 김동영 정길남 허순옥  손혜영 유채민  김민채  조수아 김주호  공창순,"164, 165, 166, 167, 168, 169",2.1
2,24,2019-07-02,La Vita e' Bella,진정남  박인숙  박성민  문선우 배용호 최명재  최효희 오정임 유태환  김채리  김동주  방민석,"171, 172, 173, 174, 175",2.5
2,25,2019-07-09,Balance!,황영숙  곽동순  문현숙 김나래 양성식  양시안 김현준 김서현 장수영  정서윤 홍라희  한다은  장서원,"176, 177, 178, 179, 180, 181, 182",2.6
2,26,2019-07-16,내 낡은 서랍 속의 바다,정일화 정광일 허수봉  조성익 나성호  상형훈 김용찬  정지원 김옥례  이공임  김순애  신월자,"183, 184, 185, 186, 187, 188",2.3
2,27,2019-07-23,Don't Stop Me Now,이장호 노정주 이충규 박준형 이시연 이명자 양경우  김미라  최종국 박지선,"189, 190, 191, 192, 193, 194, 195, 196",2.4
2,28,2019-07-30,Jam,배한욱 김태연 최설아  이진재 이인봉  김희숙 박정훈,"197, 198, 199, 200, 201",3.3
2,29,2019-08-06,For Once In My Life,박완용 임서준 일마즈 메멧 안다희  김명훈 정인화 이준희  터키록 감런벡 Andy Kibingwa 이종운,"202, 203, 204, 205, 206, 207, 208, 209",2.7
2,30,2019-08-13,나의 땅,홍서연  전하은  전지안 유영수  전재영 김성수  손희정 승병일 서경덕 김백운,"211, 212, 213, 214, 215, 216",2.3
2,31,2019-08-20,오르막길,최아인 최용국 허준혁 정글라라  임진희 이풍요  이동요 최준원 김길수,"217, 218, 219, 220, 221, 222, 223",2.3
2,32,2019-08-27,seoul,임공혁  오갑수 백진우  장유정 강순자 김창연 류근오 차승원,"224, 225, 226, 227, 228, 229",2.2
2,33,2019-09-03,여름의 끝자락,박우곤 전지희 윤혜린 김건호 이현지 윤준서 방승대,"230, 231, 232, 233, 234, 235, 236",2.3
2,34,2019-09-10,Autumn Leaves,신임순 박진수 정후란 이송식  이기향 강민정 황윤섭  송민건 장병순,"237, 238, 239, 240, 241, 242, 243",2.5
2,35,2019-09-17,그대에게,윤예빈 양민석 유장용유영순 최원준 현정석  송지인 김찬희  김광선 황관용,"244, 245, 246, 247, 248, 249, 250",2.5
2,36,2019-09-24,Colors,조영학 김형진 황수연 위성돈 박성규  김순자  박종현 장유정  조윤호,"251, 252, 253, 254, 255, 256",2.2
2,37,2019-10-01,Feel Special,조용래 전다희 홍도원  박수빈 신영돈 이승수  조현우 손하영  손하윤  전서이 남지영,"258, 259, 260, 261, 262, 263, 264",2.6
2,38,2019-10-08,너의 의미,스테파노 스쿠치마라  아브랄 부주바  로타 바우어 서태종  박묘순 김정자,"266, 267, 268",2.8
2,39,2019-10-15,Giant,이예림 황찬섭  박정우 이순자 김지환 이희진  신수영  여다경  김장우  장선영  박근정  배한나  김한나 양예빈,"269, 270, 271, 272, 273, 274",2.1
2,40,2019-10-22,That's Life,최영은 권수득 김지형 이명진 나영석,"277, 278, 279, 280, 281",2.6
2,41,2019-10-29,청춘(靑春),김부연  김유자  김만순  전정자 권성기 한정석  홍보민  길태후 길흥순 강충구  김정순,"282, 283, 284, 285, 286",2.7
2,42,2019-11-05,폴라로이드,함범녀 홍동규  홍시율 송광호  강명은 벤자민  베티  에베네제 정영석 전종안,"287, 288, 289, 290, 291, 292",2.3
2,43,2019-11-12,Dreams,서담희 이재원  세나 김기숙  임재윤 오진우  이현주 이규형 남숙현,"293, 294, 295, 296, 297, 298",2.4
2,44,2019-11-19,계절의 끝에서,조재동 이민희 김춘식  주려진 윤주은 남진현 이정숙,"299, 300, 301, 302, 303, 304",3.2
2,45,2019-11-26,November Song,박상민 김범준 김현지  김현이 고석교  최연애  고대영 이태석,"305, 306, 307, 308, 309",2.5
2,46,2019-12-03,너의 바다에 머무네,김동일 정만택  김지희 고병선  현순심 권범  윤석영  현정호 김혜진 진성호,"310, 311, 312, 313, 314, 315",2.5
3,47,2020-03-11,Warriors (전사들)," 인터뷰  유영수 유재신 서경하 강미연 차금덕 김현진 임연진
 퀴즈  이동훈 출제자
 다시 찾은  나태복  신덕순 박응경 스테파노 함범녀 배용호
 토크대구 지역거점병원  정대례 김슬기 이지연 서명옥 임소진","316, 317, 318, 319, 320, 321, 322, 323, 324, 325, 326, 327, 328, 329, 330, 331, 332, 333, 334",2.606
3,48,2020-03-18,Into the Unknown,최자영 최정희 김지헌 최희화 김한슬  김건태,"335, 336, 337, 338, 339",2.2
3,49,2020-03-25,Dear Mr. Fantasy,정종연 김란주  김대주 신원호 이명한,"340, 341, 342, 343",2.5
3,50,2020-04-15,한 페이지가 될 수 있게,이준서 김민주 이윤수 박영서  박서현,"344, 345, 346, 347",2.323
3,51,2020-04-22,업글인간 특집,재재 이재영  이다영 오동고 프란시스 응고메 오켈로 장명숙,"348, 349, 350, 351",2.735
3,52,2020-04-29,그들이 알고 싶다 특집,진용진 유성호 박지선 표창원,"352, 353, 354, 355",2.601
3,53,2020-05-06,사랑의 꽃 배달 특집,엄윤재 김정기 이봉수 김선기,"356, 357, 358, 359",2.009
3,54,2020-05-13,스승의 날 특집,장효인 송미경 이명학 이명학,"360, 361, 362, 363",2.095
3,55,2020-05-20,인생의 단짝 특집,존리 김다비  송은이 김한규  장보은 조범수  이상엽,"364, 365, 366, 367",2.357
3,56,2020-05-27,슬기로운 의사생활 특집,정문성  안은진 김동식 남궁혜륜  김민혜 최석재 송석원,"368, 369, 370, 371, 372",3.109
3,57,2020-06-03,목소리 특집,박선영 김호중 김종하 차태현 김보민,"373, 374, 375, 376, 377",3.086
3,58,2020-06-10,CEO 특집,전진서 김슬아 박태훈 김세호 여주희,"378, 379, 380, 381, 382",2.832
3,59,2020-06-17,하나뿐인 자기님 특집,김동희 조우상 김이중 이예랑 이세돌,"383, 384, 385, 386, 387",2.398
3,60,2020-06-24,경찰 특집,김민재 유창종 문한빛 윤석호 고건,"388, 389, 390, 391, 392",2.852
3,61,2020-07-01,K 특집,정종윤  정준호 윤문현 강기문 백현 김진용,"393, 394, 395, 396, 397",2.520
3,62,2020-07-08,개그맨 특집,임하룡 김민경 이재율  전수희 이용진  이진호 손민수  임라라,"398, 399, 400, 401, 402",2.753
3,63,2020-07-15,제헌절 특집,박일환 천종호 최유나 류철호 박준영,"403, 404, 405, 406, 407",3.241
3,64,2020-07-22,돈 특집,주언규 이종학 송정민  이용범 신상주,"408, 409, 410, 411",3.241
3,65,2020-07-29,직업 특집,권문현 정우성 김호진 조석 황상만,"412, 413, 414, 415, 416",3.466
3,66,2020-08-05,직업 특집 2탄,남형도 김예지 김창한 김새별,"418, 419, 420, 421",2.736
3,67,2020-08-12,광복절 특집,박건호 문수일 한순옥 김동우,"422, 423, 424, 425",2.174
3,68,2020-08-19,살면서 안 만났으면 좋을 사람,박정호 박진영 서권순 이승훈 심은이,"426, 427, 428, 429, 430",3.617
3,69,2020-08-26,이거 누가 만들었지?,윤석덕 윤종계 권용태 양재명 삼광문방구 범녀할머니,"431, 432, 433, 434, 435",3.867
3,70,2020-09-02,세대 특집,송수연  이승주 진현우  오지우 이욱진 이정희 민석기,"436, 437, 438, 439, 440",2.906
3,71,2020-09-09,문과 vs 이과 특집,임두원 서지음 김성민  최현민 김지명  민준홍 백희나,"441, 442, 443, 444, 445",3.398
3,72,2020-09-16,미생 특집,변상희  소재현 김송준 유꽃비 박광주 박용준,"446, 447, 448, 449, 450",3.689
3,73,2020-09-23,소통의 기술 특집,신민아 김춘재 이금주 김선태 김태현,"451, 452, 453, 454, 455",4.032
3,74,2020-09-30,추석 - 조선의 힙스터,이날치 이수영 올레디 페이커 이봉식,"456, 457, 458, 459, 460",2.487
3,75,2020-10-07,금손 특집,권동호 권지안 윤선영 김관훈 석노기,"461, 462, 463, 464, 465",3.188
3,76,2020-10-14,공무원 특집,박정민 이제길 김철민 김규현 김찬석,"466, 467, 468, 469, 470",3.542
3,77,2020-10-21,독특한 이력서,박승희 강영권 김영삼 송지헌 권진성,"471, 472, 473, 474, 475",4.009
3,78,2020-10-28,맛있는 녀석들 특집,울프 슈뢰더 김기환 김재연 김지민 김용덕,"476, 477, 478, 479, 480",3.737
3,79,2020-11-04,국과수 특집,이동섭 김희송 김의주  곽유진 이동계 박남규,"481, 482, 483, 484, 485",3.382
3,80,2020-11-11,"First In, Last Out 특집",조진영 신미애 김진선 박치우 김명배,"486, 487, 488, 489, 490",3.328
3,81,2020-11-18,어쩌다 특집,정상훈 한상원 장기하 김정현 조규태  조민기,"491, 492, 493, 494, 495",3.637
3,82,2020-11-25,어떻게 살 것인가 특집,김지용 이종효 월호 강방천 공유,"496, 497, 498, 499, 500",4.866
3,83,2020-12-02,'world class' 특집,유영광 신진서 야옹이 최소라 김명중,"501, 502, 503, 504, 505",4.422
3,84,2020-12-09,'world class 2' 특집,이승규 안태양 주지훈 김은희,"506, 507, 508, 509",5.033
3,85,2020-12-16,그것이 알고 싶다2,이수정 이진숙 황민구 권일용,"510, 511, 512, 513",5.120
3,86,2020-12-23,<오늘 하루> 특집,노희원 박현준 정인성 김유진 금동건,"514, 515, 516, 517, 518",3.982
3,87,2020-12-30,<시작과 끝> 특집,류승연 송재익 강상희 허필용,"519, 520, 521, 522",4.609
3,88,2021-01-06,담다 특집,이승재 신우석 원태연 신재문 주미자  이유자,"523, 524, 525, 526, 527",4.492
3,89,2021-01-13,겨울방학 탐구생활,정세랑 이욱정 강문종 배두나,"528, 529, 530, 531",4.671
3,90,2021-01-20,소의 해,무릎 이정화 김민수  김해준 이한경 김진호,"532, 533, 534, 535, 536",4.357
3,91,2021-01-27,<언성 히어로> 특집,김태영 안다훈 김영선 김선웅 이종열,"537, 538, 539, 540, 541",4.3
3,92,2021-02-03,<육감> 특집,정미순 김민지 강승구 변남석 강수진,"542, 543, 544, 545, 546",4.731
3,93,2021-02-10,'ㅇㅇ에 진심인 사람들',양승찬 남형주 권오길 곽재식 지진희,"547, 548, 549, 550, 551",4.880
3,94,2021-02-17,<국가 보안시설> 특집,윤재원 최현욱 허린 천상현 박찬암,"552, 553, 554, 555, 556",4.762
3,95,2021-02-24,<맛의 전쟁> 특집,김재훈 황순원 윤재원 김하경,"557, 558, 559, 560",4.701
3,96,2021-03-03,<시대를 잘 못 타고난> 특집,맹성렬 이호림  김경준 정우덕 최상식 비정지훈,"561, 562, 563, 564, 565",3.793
3,97,2021-03-10,<이직의 기술> 특집,김진호 김인현 박미경 권오철 진기주,"566, 567, 568, 569, 570",4.909
3,98,2021-03-17,<끝까지 간다> 특집,전재홍 정희석 김영미 성귀수 브레이브걸스,"571, 572, 573, 574, 575",5.302
3,99,2021-03-24,피 땀 눈물#,봄날에 찾아온 방탄소년단 단체 유퀴즈 타임 개별 토크김태형  김남준 정호석  박지민  전정국 민윤기  김석진,"576, 577",6.740[578]
3,100,2021-03-31,<ㅇㅇ의 현실판> 특집,김유빈 이선 이종화 이지은아이유,"579, 580, 581, 582",5.773
3,101,2021-04-07,<시간의 마술사들> 특집,이철희 김갑연 한민홍 강종익 김범석,"583, 584, 585, 586, 587",4.580
3,102,2021-04-14,<한 줄로 설명되는> 특집,박대성 나태주 니키 리 이동진,"588, 589, 590, 591",4.478
3,103,2021-04-21,<은밀한 이중생활> 특집,조명신 핲기 신계숙 이문수,"592, 593, 594, 595",4.523
3,104,2021-04-28,<법의 날> 특집,윤병임 데이비드 린튼인대위 서아람 김동현,"596, 597, 598, 599",4.521
3,105,2021-05-05,말하는 대로,남창희 지석진 김영희 PD,,5.831
3,106,2021-05-12,<N주년> 특집,여준영 김연진 이상배 이광형,"600, 601, 602, 603",4.115
3,107,2021-05-19,<가족입니다> 특집,이준수 이기진 박준  박상수 홍진경  김라엘,"604, 605, 606, 607",5.875
3,108,2021-05-26,<드림하이> 특집,송주석 선용원 정유정 조수미,"608, 609, 610, 611",4.657
3,109,2021-06-02,<끝날 때까지 끝난 것이 아니다> 특집,박정민 김영달 윤여순 신승건,"612, 613, 614, 615",4.633
3,110,2021-06-09,<감독의 세계> 특집,김세훈 이종필 윤성원 김가람,"616, 617, 618, 619",3.964
3,111,2021-06-16,<신묘한 씨앗 사전> 특집,이예준 이하얀 노기화 토마스 타반 아콧,"620, 621, 622, 623",4.408
3,112,2021-06-23,<신들의 전쟁> 특집,고건우 황인 백승권 신하균,"624, 625, 626, 627",4.398
3,113,2021-06-30,<빅마마와 국민 남편 TOP3> 특집,도경완 신정호 빅마마 이상순,"628, 629, 630, 631",5.022
3,114,2021-07-07,여름방학 특집! <광클 수업>,신종호 배정원 박새롬 이호,"632, 633, 634, 635",4.631
3,115,2021-07-14,<지구촌 능력자들> 특집,한재민 송미라  이찬민 강형원 김은주,"636, 637, 638, 639",4.558
3,116,2021-07-21,<대기업의 맛> 특집,박세영 최소망 김무년 김성언 서동순,"640, 641, 642, 643, 644",4.988
3,117,2021-07-28,<메신저> 특집,샤론 최 SG워너비 조승우,"645, 646, 647",6.258
3,118,2021-08-11,<1초의 승부사> 특집,문성준 임세영 고길석 신혜림,"648, 649, 650, 651",5.362
3,119,2021-08-18,"Another Level
<국가대표> 특집",안창림 강채영  장민희  안산 코퀴야드 안드레 진  정연식,"652, 653, 654",6.711
3,120,2021-08-25,"Champion
<국가대표2> 특집",신재환  여서정 오진혁  김우진  김제덕 황정민,"655, 656, 657",6.748
3,121,2021-09-01,"다시 만난 세계
<국가대표3> 특집",조구함 김수지  오지영  양효진 소녀시대,"658, 659, 660",5.924
3,122,2021-09-08,"<그리고, 남겨진 것들> 특집",백미경 장항준 박지성 김석중,"661, 662, 663, 664",5.534
3,123,2021-09-15,<나만의 세계> 특집,김고은 배윤슬 허석김보성 최현준,"665, 666, 667, 668",5.299
3,124,2021-09-29,<나는 OO입니다> 특집,이소영 전준한 김다현 한동기,"669, 670, 671, 672",4.698
3,125,2021-10-06,<팔도 리포터> 특집,이정용 다리오 조셉 리 한기웅 이PD,"673, 674, 675, 676",4.403
3,126,2021-10-13,<이게 가능하다고?> 특집,옥효진 이예진 백낙삼 최인아,"677, 678, 679, 680",4.157
3,127,2021-10-20,<소문의 진실> 특집,조현권 이강빈  이슬빈 김쌍식 정호연,"681, 682, 683, 684",5.248
3,128,2021-10-27,<수확의 계절> 특집,신승재  천혜린 김기훈 박혜란 루시드폴,"685, 686, 687, 688",5.100
3,129,2021-11-03,<스트릿 힙 파이터> 특집,임형규 스트릿 우먼 파이터 출연팀 리더,"689, 690",4.367
3,130,2021-11-10,<이름값; 운명을 따르는 자> 특집,박격포 임신복 김노동 오세용 배태랑,"691, 692, 693, 694, 695",4.529
3,131,2021-11-17,<D-DAY> 특집,여준석 CCT 이 상사 우영미 윤계상,"696, 697, 698, 699",5.122
3,132,2021-11-24,<상속자들> 특집,전만배  전종렬 장종수 패트릭 반 울풋 김선자  박은순,"700, 701, 702, 703",4.437
3,133,2021-12-01,<내년에 큰일 낼 사람들> 특집,육지승 김수원  이지연 민희진 최우식,"704, 705, 706, 707",4.432
3,134,2021-12-08,<DNA> 특집,오지헌  오승훈 윤후 이정후 AKMU 이찬혁  이수현,"708, 709, 710, 711",5.702
3,135,2021-12-15,<나도 모르게> 특집,황지연 원주연 이성호 구교환,"712, 713, 714, 715",5.314
3,136,2021-12-22,<크리스마스 선물> 특집,최영형 유용욱 유나영 이동욱,"716, 717, 718, 719",4.780
3,137,2022-01-12,<베네핏이 있나요> 특집,박경재 임민영 문성욱 이정재,"720, 721, 722, 723",5.662
3,138,2022-01-19,<명의; 환자의 마음을 여는 사람들> 특집,전종관 김미란 강창무 양창모,"724, 725, 726, 727",5.088
3,139,2022-01-26,<어차피 레이스는 길다> 특집,임택 황선우 이말년 두봉,"728, 729, 730, 731",4.855
3,140,2022-02-02,<평생 간직하고픈 글> 특집,김현무 조용문 박강빈 호원숙,"732, 733, 734, 735",3.810
3,141,2022-02-09,<재야의 고수> 특집,키크니 정경교 임기종 고수,"736, 737, 738, 739",3.160
3,142,2022-02-16,<내 머릿속에 OOO> 특집,손예진 김대수 김도윤  엄규민 이건수,"740, 741, 742, 743",3.418
3,143,2022-02-23,<신의 한 수> 특집,이대양 김나영 황석희 유성원,"744, 745, 746, 747",5.539
3,144,2022-03-02,<동계올림픽> 특집,쇼트트랙 국가대표 선수단 박재민 차준환,"748, 749, 750",5.662
3,145,2022-03-16,<살짝 놀랐어> 특집,임재혁 컬링 여자 국가대표 선수단 정지웅 이민정,"751, 752, 753, 754",4.543
3,146,2022-03-23,<아이콘> 특집,홍진호 입짧은햇님 윤여정,"755, 756, 757",5.840
3,147,2022-03-30,<뜻밖의 재능> 특집,임익강 조나단  파트리샤 구본진 박희순,"758, 759, 760, 761",5.124
3,148,2022-04-06,<그날> 특집,채기준  이상돈  황규호 임종령 한문철 김종기,"762, 763, 764, 765",4.810
3,149,2022-04-13,<현장 출동> 특집,김영태 김진영 안병헌 라상훈,"766, 767, 768, 769",3.824
3,150,2022-04-20,<어느 날 갑자기> 특집,이소은 임세아 이성엽 윤석열,"770, 771, 772, 773",4.405
3,151,2022-04-27,<너의 일기장> 특집,김어진 정영미 명업식 박보영,"774, 775, 776, 777",3.546
3,152,2022-05-04,<HERO> 특집,강형욱 정찬성 임영웅,"778, 779, 780",5.451
3,153,2022-05-11,<내 손을 잡아> 특집,김민섭  김민섭 한경록 권혜정  김도현  윤수임 최재천,"781, 782, 783, 784",3.676
3,154,2022-05-18,<꾼> 특집,마포 로르 김수지 조근식 김영하,"785, 786, 787, 788",3.583
3,155,2022-05-25,<ㅇㅇ의 비밀> 특집,허태균 박향자  김영자  백성자 신순규 CL,"789, 790, 791, 792",3.810
3,156,2022-06-08,<두 사람> 특집,이명희  조헌주 아룰 제임스  아룰 하비에르 김선민  김원식 이해리  강민경,"793, 794, 795, 796",4.212
3,157,2022-06-15,<똑바로 살기> 특집,정선근 임천숙 박주영 유지태,"797, 798, 799, 800",3.979
3,158,2022-06-22,<이것은 실화다> 특집,오건영 루나 곽상은 구준엽,"801, 802, 803, 804",5.182
3,159,2022-06-29,<OO 잡는 OO> 특집,임채원 김성권 이주영 이준호,"805, 806, 807, 808",4.238
3,160,2022-07-06,<훔치고 싶은 재능> 특집,박세령 조진현  송낙훈 박항서 한지민,"809, 810, 811, 812",4.255
3,161,2022-07-13,<개척자들> 특집,노영선 박경림 김상욱 배철수  구창모,"813, 814, 815, 816",3.511
3,162,2022-07-20,<여름방학> 특집,이정원 앨런 킴 김신영 고정환,"817, 818, 819, 820",3.298
4,163,2022-10-05,<한우물> 특집,하준우 김신욱 김한민 박은빈,"821, 822, 823, 824",5.735
4,164,2022-10-12,<천의 얼굴> 특집,문상훈 장원석 정나래 소지섭,"825, 826, 827, 828",3.993
4,165,2022-10-19,<죽어야 사는 사람> 특집,김결 김한겸 이혜리 주호민,"829, 830, 831, 832",4.096
4,166,2022-10-26,<해가 서쪽에서 뜬다면> 특집,배유진 최원호 진선규 이대호,"833, 834, 835, 836",3.900
4,167,2022-11-09,<아는 만큼 보인다> 특집,폴 김 유홍준 이서진,"837, 838, 839",5.370
4,168,2022-11-16,<해내야죠> 특집,정윤 오세연 이범식 유해진,"840, 841, 842, 843",4.336
4,169,2022-11-23,<신입사원> 특집,조혜송 유택근 로이스 킴 션,"844, 845, 846, 847",4.019
4,170,2022-11-30,<나의 연구일지> 특집,배혜지  남유진  오요안나 김붕년 손석구,"848, 849, 850",5.108
4,171,2022-12-07,<촛불 하나> 특집,박정하 이동원 god,"851, 852, 853",5.336
4,172,2022-12-14,<어텐션> 특집,김상규 뉴진스 손웅정,"854, 855, 856",6.603
4,173,2022-12-21,<이게 되네?> 특집,최수혁  권하은 김연후  임지호  서정윤 오승훈 황인범  김민재,"857, 858, 859, 860",5.830
4,174,2022-12-28,<신과 함께> 특집,진명 스님  김진 목사  차바우나 신부 포레스텔라 조규성,"861, 862, 863",5.553
4,175,2023-01-04,<내 인생의 한 장면> 특집,국태익  주현서 김진수  서혜정 조정석,"864, 865, 866",5.546
4,176,2023-01-11,<인생 드라마> 특집,저스트 절크 김혜자,"867, 868",6.281
4,177,2023-01-18,<빼앗긴 인재> 특집,나종호 페퍼톤스 민병철 이하늬,"869, 870, 871, 872",4.925
4,178,2023-01-25,<라이벌전> 특집,설채현  나응식 곽튜브  원지 이성민,"873, 874, 875",6.162
4,179,2023-02-01,<세상에 그런 일이> 특집,이명현 이따끔 조정식  김민정 정성일,"876, 877, 878, 879",5.702
4,180,2023-02-08,<신이 아닌가> 특집,장정민 데니스 홍 김성근,"880, 881, 882",4.703
4,181,2023-02-15,<비상> 특집,승효상 이승훈  김영준  이정욱 신호철 임시완,"883, 884, 885, 886",4.889
4,182,2023-02-22,<천재와 싸워 이기는 법> 특집,정재일,887,4.774
4,183,2023-03-01,<위대한 유산> 특집,장미란 정하랑 조진웅,"888, 889, 890",6.067
4,184,2023-03-08,<괜찮아유> 특집,박성희 안세영 김윤경 최양락,"891, 892, 893, 894",4.884
4,185,2023-03-15,<내공:100> 특집,황광희 안한별  김재근  이기평  김철현 추성훈,"895, 896, 897",4.324
4,186,2023-03-22,<lucky happy enjoy> 특집,이지선 이도현 조성진,"898, 899, 900",5.483
4,187,2023-03-29,<명불허전> 특집,최창호 전도연,"901, 902",6.024
4,188,2023-04-05,<선을 넘는 사람들> 특집,김영진 알비올 안드레스 이진아 성시경,"903, 904, 905, 906",5.241
4,189,2023-04-12,<일당백> 특집,한정숙 장혜진  윤수빈 김희애,"907, 908, 909",5.153
4,190,2023-04-19,<영광의 시대> 특집,이채운 이병헌 이제훈,"910, 911, 912",4.952
4,191,2023-04-26,<태양은 가득히> 특집,홍연진 궤도 태양,"913, 914, 915",4.561
4,192,2023-05-03,<생애 뜨거운 만남> 특집,에픽하이 곽은진  이보미 김소연,"916, 917, 918",4.498
4,193,2023-05-10,<일상의 히어로> 특집,이유진 김수정 김우빈,"919, 920, 921",4.353
4,194,2023-05-17,<사생결단> 특집,유준하 김소정 류승범,"922, 923, 924",4.335
4,195,2023-05-24,<금희야 옥이야> 특집,김환  박두레 이동규 이금희 강철원,"925, 926, 927, 928",4.709
4,196,2023-05-31,<모든 걸 걸고> 특집,김우주 정동식 김연경,"929, 930, 931",4.798
4,197,2023-06-07,<포기하지 마> 특집,카리미 안왈 문기호 엄정화,"932, 933, 934",4.893
4,198,2023-06-14,<러브 다이브> 특집,강지호  이예주 김성면  나들  박승화  이정봉 정우철 김병철,"935, 936, 937, 938",4.111
4,199,2023-06-21,<당신이 모르는 사이에> 특집,유세웅  손창현 콜린 크룩스 이준혁,"939, 940, 941",4.44
4,200,2023-06-28,<200회> 특집,백남문 김용만 김연아,"942, 943, 944",5.829
4,201,2023-07-05,<웬만해선 그들을 막을 수 없다> 특집,유창훈 장한나 박남규 신구,"945, 946, 947, 948",4.563
4,202,2023-07-12,<위대한 발견> 특집,김웬디 이상엽 정희원 강기영,"949, 950, 951, 952",3.962
4,203,2023-07-19,<열정 열정 열정!> 특집,김현숙 한호용 정명원 주현영,"953, 954, 955, 956",4.061
4,204,2023-07-26,<해결사> 특집,이정태  오은석 조병영 남궁민,"957, 958, 959",4.043
4,205,2023-08-02,<너의 목소리가 들려> 특집,안대성 손상모 임지연,"960, 961, 962",3.927
4,206,2023-08-09,<그것만이 내 세상> 특집,민시우 서려경 이병헌,"963, 964, 965",5.654
4,207,2023-08-16,<대체불가> 특집,띠예 배수현 허주행 김희선,"966, 967, 968, 969",4.977
4,208,2023-08-23,<무장해제> 특집,김강연  김택연 김기웅 안젤라 센 이대우 정유미,"970, 971, 972, 973, 974",4.485
4,209,2023-08-30,<최후의 기회> 특집,김휘우 윤순진 조영민 이준기,"975, 976, 977, 978",4.403
4,210,2023-09-06,<세계를 흔든다> 특집,신은수  조용인 천종원 김기호  박수영 뷔,"979, 980, 981, 982",4.258
4,211,2023-09-13,<그날이 왔다> 특집,김정민  김자희 조선미 강동원,"983, 984, 985",4.783
4,212,2023-09-20,<강한 자들> 특집,김예빈  박지솔  홍연우 덱스 서승호  조영석 김남길,"986, 987, 988, 989",3.9
4,213,2023-09-27,<추석 특집>,윤도현 박세리,"990, 991",3.476
4,214,2023-10-11,<할 수 있다> 특집,이다슬 오상우 황선우  김우민  이호준  양재훈 오정세,"992, 993, 994, 995",4.132
4,215,2023-10-18,<쨍하고 해 뜰 날> 특집,김성묵 구희아 김관우 신혜선,"996, 997, 998, 999",3.903
4,216,2023-10-25,<실전은 기세다> 특집,윤두연 유병재  유규선 신유빈 백승호  엄원상  송민규,"1000, 1001, 1002, 1003",3.548
4,217,2023-11-01,<운명적 만남> 특집,이효철  천애정 박진영  방시혁,"1004, 1005, 1006",6.537
4,218,2023-11-08,<왕이 나타났다!> 특집,김용만 이은영  김인환 서용상 최수종,"1007, 1008, 1009, 1010",3.659
4,219,2023-11-15,<슈퍼 세이브> 특집,구철수 김하성 임수정,"1011, 1012, 1013",4.738
4,220,2023-11-22,<온 힘을 다해> 특집,서주향 오지환  임찬규 유연석,"1014, 1015, 1016",4.632
4,221,2023-11-29,<내 눈앞에 나타나> 특집,김지윤 서영갑 양영철 하지원,"1017, 1018, 1019, 1020",4.486
4,222,2023-12-06,<뚝심> 특집,이진형 김록호 안은진,"1021, 1022, 1023",5.2
4,223,2023-12-13,<가장 넓은 길은 언제나 내 마음속에> 특집,송태욱 김정자 박서준,"1024, 1025, 1026",4.818
4,224,2023-12-20,<산타클로스의 선물> 특집,유의배 김예화  이채현 이상혁,"1027, 1028, 1029",4.621
4,225,2023-12-27,<해피엔딩> 특집,서진규  조성아 김창옥 장나라,"1030, 1031, 1032",5.556
4,226,2024-01-03,<최고의 선택> 특집,이평화 오승은 공효진,"1033, 1034, 1035",5.017
4,227,2024-01-10,<낭만의 시대> 특집,박학기  이정은  장현성 이영림 김대호,"1036, 1037, 1038",6.233
4,228,2024-01-17,<가족> 특집,강지강  류의식 유연수 윤상  앤톤 박인비  남기협,"1039, 1040, 1041, 1042",4.912
4,229,2024-01-24,<파수꾼> 특집,신영철 정소영 김영옥  나문희,"1043, 1044, 1045",4.468
