시즌,에피소드,출연자,직업
1,1,SM Uzzal,외국인 근로자
1,2-1,박종훈,광고 대행사 근무
1,2-2,정재연 & 김성섭,공인중개사 & 직원
1,2-3,최재이,고등학생
1,3-1,박현준,헬스 트레이너
1,3-2,양지훈 & 안혜진,7년 차 커플[4]
1,3-3,박영철,양장점 운영
1,4,이화영,이화여자대학교 학생
1,7-1,한재호,택시기사
1,7-2,정재훈[6],공무원
1,7-3,문보성,회사원
1,7-4,이정혜[9],개인 카페 운영
1,8-1,오재성,고등교사
1,8-2,채우정,대학생
1,8-3,주효성,휴학생
1,8-4,장석균 네 가족,회사원
1,9,홍정우,수입 의류회사 직원
1,10-1,이원경,문방구 운영
1,10-2,문광선,교사
1,11-1,김지혜,대학생
1,11-2,이윤경,주부
1,11-3,김수연,주부
1,12-1,현수용,회사원
1,12-2,강숙자,주부
1,12-3,김현정 & 김건호 부부,"주부, 회사원"
2,13-1,이보미,군무원 준비생
2,13-2,이은우,택배원
2,13-3,심길진,칼국숫집 주인
2,13-4,나한별,케이블 기사
2,14-1,나태복-신덕순 부부,식당 주인[13]
2,14-2,정진서[14],고3
2,15-1,박지영,티켓 부스 근무
2,15-2,유호진,PD
2,16-1,"이상희, 김길자, 박대환, 강애순",마을 어르신들
2,16-2,이상연,선박 정비소
2,17,김호섭,슈퍼마켓 주인
2,18-1,박규빈,건축 설계 사무소 직원
2,18-2,박응경,식당 주인[15]
2,18-3,김세운,갤러리 과장님[16]
2,21-1,김지안,문화단체 기획자[17]
2,21-2,이정성,세운상가 대표(엔지니어)
2,21-3,한대식,청계천 상인
2,22-1,라영훈,물품센터 직원
2,22-2,김영갑,비밀정원 할아버지
2,22-3,김수진,취준생
2,23-1,김동영,경영학과 4학년
2,23-2,정길남,금은방 사장
2,23-3,"유채민, 김민채[19]",초등학교 4학년
2,23-4,장재명[20],열쇠 및 우산 수리공
2,24-1,배용호,빵집 운영
2,24-2,최명재 & 최효희 부녀,"이발소 운영
전직 방송작가 출신 달고나집 운영"
2,24-3,김동주,고3
2,25-1,"황양순, 곽동순, 문현숙",은행 청소부
2,25-2,김나래,취준생
2,25-3,양성식-양시안 부자,금융회사 재직
2,26-1,정일화,공무원
2,26-2,김희영,보험설계사
2,26-3,정광일,컴퓨터 세탁소 운영
2,26-4,조성익,식당 운영(카레)
2,27-1,이장호,용접업
2,27-2,노정주,작가 & 카페 운영
2,27-3,이충규,제조업
2,27-4,이시연,민화 갤러리 운영
2,27-5,최종국,배관 자재 판매업
2,28-1,김태연,카이스트 수학과
2,28-2,최설아 & 이진재 커플,카이스트 전산학부/ 생명과학과
2,28-3,박정훈,카페 주인
2,29,안다희,카페 사장
2,30-1,"홍지안, 전하은 & 전지안 자매[22]",휴학생 및 초등학생
2,30-2,유영수,IT 기업 운영
2,30-3,김성수& 손희정 커플,SCM 사무직[23]
2,31-1,최아인,초등학생
2,31-2,"정글라라, 임진희","각각 요양보호사, 유학생"
2,31-3,이풍요 & 이동요 형제,과일가게 운영
2,31-4,김길수,공항 지상직
2,32-1,강순자,미용실 운영
2,32-2,류근오,자문직 감사[25]
2,33-1,박우곤,공연 기획사 대표
2,33-2,전지희,연극 회사 홍보 • 마케팅 담당
2,33-3,이현지,서울대학교 의과대학 4학년
2,34-1,이송식-이기향 부부,참기름 가게 운영
2,34-2,"송민건, 황윤섭",중학교 2학년
2,35-1,유장용(유영순)[26],하숙집 주인
2,35-2,최원준,한국외국어대학교
2,36-1,조영학,수제화 장인
2,36-2,위성돈,입주민 대표
2,36-3,박성준-김순자 부부[27],이불 공장 운영
2,36-4,조윤호 & 장유정 커플,직장인
2,37-1,조용래,게임업체 직원[28]
2,37-2,"진서이, 송하윤 & 송하영 자매",초등학생
2,38-1,"이상민, 강태석",항공대학교 3학년
2,38-2,서태종-박묘순 부부,양원학교 6학년[29]
2,38-3,김정자,문주란 - 동숙의 노래
2,39-1,국가대표 선수단[30],국가대표 선수[31]
2,39-2,양예빈,육상선수
2,40-1,김지형,마리텔 조연출
2,40-2,나영석,tvN PD
2,41-1,윤연기-이순자 부부,세차장 운영
2,41-2,"정유자, 김부연, 김만순, 전정자, 이혜봉",지역주민
2,41-3,권성기,식빵 전문점 운영
2,41-4,"홍보민, 한정석, 길태후",초등학교 3학년
2,41-5,길흥순,마을주민
2,41-6,김정순-강충구 부부,-
2,42-1,함범녀,문방구 운영
2,42-2,홍동규-홍시율 부자,유치원 교사[32]
2,42-3,정영석,공공근로자
2,42-4,전종안,기적학원장
2,43-1,"이재원, 세나 페케르(배세나)","체육교육과 휴학생, AI 전공"
2,43-2,김기숙-임재윤 모자,주부 & 휴학생
2,44-1,조재동,구두 수선
2,44-2,이민희,안경사
2,44-3,김춘식-주려진 부부,반찬가게 운영
2,44-4,이정숙,사슴농장 운영
2,45-1,박상민,S사 엔지니어링
2,45-2,김범준,고3
2,45-3,"고석교-최연애 부부, 아들 고대영",식당 운영
2,46-1,김동일,취준생
2,46-2,"정만택, 김지희",민박집 운영
2,46-3,현순심,해녀
2,46-4,고병선,-
2,46-5,"권범, 윤석영, 현정호",초등학교 3학년
3,48-1,김지헌,공대생 (전자전기학과 3학년)
3,48-2,최희화,씨름선수
3,48-3,김한슬-김건태 부부,물리치료사
3,49-1,신원호,CJ E&M PD
3,49-2,이명한,CJ 본부장
3,51-1,재재,PD/문명특급 MC
3,51-2,이재영 & 이다영 자매,배구선수
3,51-3,장명숙,패션 디자이너
3,52-1,유성호,서울대학교 의과대학 법의학자
3,52-2,표창원,대한민국 경찰청 범죄분석관
3,53-1,임윤채-한영성 예비부부,의류 디자이너[33]
3,53-2,이봉수,-[34]
3,54-1,장효인,전직 개그우먼이자 보육교사
3,54-2,송미경,서울용산초등학교 교사
3,54-3,이명학,대성마이맥 영어과 수능 인터넷 강사
3,54-4,이명학,성균관대학교 한문교육과 교수
3,56,최석재,응급의학과 전문의
3,58,여주희,(전) 여행이 행복한 사람들[35] CEO
3,59-1,김이중,필경사
3,59-2,이예랑,KBO&MLB 야구 에이전트
3,60-1,김민재,배우
3,60-2,유창종,무주경찰서 교통조사계 경위
3,60-3,고건,서울특별시 지방경찰청 한강경찰대 경위
3,61-1,정종윤-정준호 부자,무대 의상 디자이너
3,61-2,윤문현,길림양행 대표
3,61-3,김진용,인천광역시 진료소 감염내과 전문의
3,62-1,김민경,개그맨
3,62-2,이재율 & 전수희,-
3,62-3,임라라 & 손민수,개그맨 겸 엔조이커플 유튜브 크리에이터
3,63-1,박일환,변호사/크리에이터
3,63-2,천종호,판사
3,63-3,박준영,재심 변호사
3,64-1,주언규,재테크 전문 크리에이터
3,64-2,이종학,한국조폐공사 화폐본부 과장
3,64-3,이용범 & 송정민,서울시청 세금징수과 38기동대 주무관
3,65,정우성,배우
3,66,남형도,체널리스트
3,67-1,박건호,대성마이맥 역사과 인터넷 강사
3,67-2,김동우,다큐멘터리 사진가
3,68,이승훈,뇌졸중 전문의
3,69-1,윤석덕,한국도로공사 설계 차장
3,69-2,권용태,움직이는 토끼모자 개발자
3,69-3,양재명,슈퍼호박 개발자
3,70-1,이진욱,94학번 Z세대 대표
3,70-2,이정희,YMCA 사무총장이자 386세대 대표
3,70-3,민석기,쿠첸 보안직이자 산업화 세대 대표
3,71-1,임두언,국립과천과학관 근무
3,71-2,김성민&최현민,서울과학고등학교 재학
3,72-1,변상희,KB국민은행 은행원
3,72-2,유꽃비,롯데칠성음료 수도권 1FM 팀장
3,72-3,박광주,기아자동차 영업부 부장
3,73-1,이금주,서울지방항공청 항공교통관제사
3,73-2,김태현,"한미연합군사령부 상병, 현 고시생"
3,74-1,권송희 & 이철희,이날치
3,74-2,이수영,광원산업 회장
3,74-3,"강혜인(아이키), 양사랑(코코)",여성 댄스듀오 올레디
3,74-4,이봉식,대한민국 해병대 1기
3,75-1,권동호,수화 통역사
3,75-2,솔비(권지안),화가/가수
3,75-3,윤선영,손 전문 모델
3,75-4,석노기,대장장이
3,76-1,이제길,항로표지관리원
3,76-2,김철미,부산본부세관 조사관
3,77-1,박승희,가방 디자이너
3,77-2,강영권,에디슨모터스 대표이사
3,78-1,김기환,지평주조 대표
3,78-2,김지민,수산물 정보 커뮤니티 운영자/어류 칼럼니스트
3,78-3,김용덕,테라로사( 커피전문점] 대표)
3,79-1,"김의주
곽유진","법치의학자
법의조사관"
3,79-2,이동계,미세증거 전문가
3,79-3,박남규,국립과학수사연구원장
3,80-1,신미애,구급지도관
3,80-2,김진선,서울특별시 119특수구조단 북한산산악구조대
3,80-3,박치우,강원소방본부 소방교
3,81-1,정상훈,경기도 남양주시 별가람고등학교 수학 교사
3,81-2,김정현,건국대학교 행정학과 2학년
3,81-3,조규태 & 조민기 부자,문화재 기증 부자
3,82-1,김지용,정신과 전문의
3,82-2,월호 스님,불교 승려
3,82-3,공유,배우
3,83-1,유영광,미국 오페라 가수
3,83-2,신진서,바둑기사
3,83-3,야옹이,웹툰작가
3,84-1,이승규,핑크퐁 대표
3,84-2,주지훈,배우
3,85-1,이진숙,인천경찰청 과학수사과 경위
3,85-2,황민구,법영상 전문 분석가
3,85-3,권일용,프로파일러
3,86-1,노희원,교통 리포터
3,86-2,박현준,헤비토커
3,86-3,정인성,책바 대표
3,86-4,금동건,환경미화원 겸 시인
3,87-1,류승연,"전 이스타항공 승무원, 현 취업준비생"
3,88-1,원태연,"시인, 작사가"
3,88-2,주미자 & 이유자,작가
3,89-1,정세랑,작가
3,89-2,이욱정,PD
3,89-3,라미,참전용사 사진작가
3,90-1,이정화,서예가
3,90-2,김민수 & 김해준,개그맨
3,90-3,이한경,대동물 수의사
3,91-1,김영선,배우
3,91-2,김선웅,무술 감독
3,91-3,이종열,피아노 조율 명장
3,92-1,정미순,조향사
3,92-2,강승구,육감 경찰 경위
3,92-3,변남석,밸런싱 아티스트
3,92-4,강수진,성우
3,93-1,권오길,택시 기사
3,93-2,지진희,배우
3,94-1,윤재원,인천공항 테러 대응팀 폭발물 처리 반장
3,94-2,최현욱,국가기록원 학예연구사
3,94-3,허린,국방과학연구소 박사
3,94-4,박찬암,화이트 해커
3,95-1,김재훈,농산물 대표
3,95-2,김하경,이삭토스트 대표
3,96-1,이호림,재즈 댄서
3,96-2,김경준,연극배우
3,96-3,정우덕,전력거래소 근무
3,96-4,비,가수
3,97-1,김진호,"전직 파일럿, 현직 스타트업 대표"
3,98-1,김영미,프리랜서 다큐 PD
3,98-2,브레이브걸스,아이돌
3,99-1,김석진(진)[36],아이돌
3,99-2,전정국(정국)[37],
3,99-3,김석진(진) & 민윤기(슈가)[38],
3,100-1,김유빈,체스 국가대표
3,100-2,이선,성우
3,101-1,이철희,교통정리의 달인
3,101-2,강종익,덱스터 스튜디오 CG대표
3,101-3,김범석,종양내과 의사
3,102-1,나태주,'풀꽃' 시인
3,102-2,이동진,영화평론가
3,103-1,핲기,"래퍼, 배우, 법률사무소 사무장 100만원"
3,103-2,신계숙,‘N중생활의 끝판왕’
3,103-3,이문수 가브리엘,"천주교 글라렛선교수도회 소속 신부, ‘청년밥상 문간’ 김치찌개 밥집 사장"
3,104-1,윤병임,속기사
3,106-1,여준영,초등학교 3학년
3,106-2,이광형,카이스트 총장
3,107-1,이준수,중학교 2학년
3,107-2,이기진,서강대학교 교수 겸 물리학자
3,108-1,송주석,T-익스플로전 엔지니어
3,108-2,선용원,지리산 장터목 대피소 주인
3,108-3,정유정,스릴러 소설가
3,108-4,조수미,성악가
3,109-1,박정민,배우
3,109-2,김영달,대학교수
3,109-3,윤여순,배우 윤여정의 동생이자 기업인
3,109-4,신승건,보건소 의사
3,110-1,김세훈,뮤직비디오 감독
3,110-2,윤성원,odg 영상제작자
3,110-3,김가람,PD
3,111-1,이예준[39],서울대학교 1학년
3,111-2,이하얀,시드볼트 대표
3,111-3,노기화,가수 김진호의 어머니이자 온기우체부 대표
3,111-4,토마스 타반 아콧,이태석[40] 세례자 요한 신부의 제자이자 병원 전공의
3,112-1,이건우,초등학교 2학년
3,112-2,백승권,前 청와대 행정관
3,113-1,빅 마마[41],가수
3,113-2,이상순,뮤지션
3,114-1,신정호,서울대학교 교수
3,114-2,배정원,세종대학교 교수
3,114-3,이호,전북대학교 법의학과 교수
3,115-1,한재민,첼리스트
3,115-2,강형원,사진기자
3,116-1,서동순,연두 개발자& 샘표 마케팅 총괄 본부장
3,117-1,샤론 최(최성재),통역가
3,117-2,SG워너비,가수
3,119-1,안창림,유도선수
3,119-2,강채영·장민희·안산,여자 양궁팀
3,119-3,코퀴야드 안드레 진(김진) · 정연식,럭비 선수
3,120-1,신재환·여서정,기계체조 선수
3,120-2,오진혁·김우진·김제덕,남자 양궁팀
3,121-1,조구함,유도 국가대표 선수
3,121-2,김수지·오지영·양효진,여자 배구선수 국가대표팀
3,121-3,윤아 · 써니 · 효연 · 유리,소녀시대
3,121-4,태연·수영·서현 · 티파니 영,
3,122-1,장항준,영화감독
3,122-2,박지성,축구선수
3,123-1,김고은,배우
3,123-2,배윤슬,도배사
3,124-1,이서영,아트컬렉터
3,124-2,김다현,은퇴자
3,125-1,한기웅,리포터
3,125-2,이PD,PD 겸 리포터
3,126-1,옥효진,초등학교 교사
3,126-2,이예진,가수
3,126-3,최인아,책장 주인
3,126-4,백낙삼,주례사
3,127-1,조현권 스테파노,아기자기의 사촌 형이자 천주교 대구대교구 소속 신부
3,127-2,이강빈 · 이슬빈 남매,유튜버
3,127-3,김쌍식,제빵사
3,127-4,정호연,모델 겸 배우
3,128-1,신승재-천혜린 부부,영농부부
3,128-2,김기훈,앤지니어 및 강동야학 선생님
3,129-1,허니제이 · 리헤이 · 효진초이 · 가비,"댄서
스트릿 우먼 파이터의 출연진"
3,129-2,모니카 · 노제 · 리정,
3,130-1,임신복,간호사
3,130-2,오세용,집배원
3,131-1,여준석,농구선수
3,131-2,우영미,패션디자이너
3,131-3,윤계상,배우 및 가수
3,132-1,패트릭 반 울핏,와풀 가게 사장
3,132-2,장종수,명란 제조업체 대표
3,132-3,김선자-박은순 모녀,떡볶이 장인
3,132-4,전만배-전종렬 부자,대장장이
3,133-1,육지승,어린이
3,133-2,민희진,레이블 대표
3,133-3,최우식,배우
3,134-1,윤후,중학교 3학년
3,134-2,이정후,야구선수
3,134-3,악동뮤지션,그룹
3,135-1,원주연,불닭볶음면 개발자
3,135-2,이성호,영상 콘텐츠 개발자
3,135-3,구교환,배우
3,136-1,최영형,버스기사
3,136-2,이동욱,배우
3,137-1,박경재,카트라이더 게임 개발자
3,137-2,임민영,무신사 MD
3,137-3,문성욱,블라인드 대표
3,137-4,이정재,배우
3,138-1,강창무,간담췌외과 명의
3,138-2,김미란,여성질환 명의
3,138-3,양창모,강원도 왕진 의사
3,139-1,황선우,수영선수
3,139-2,이말년,웹툰 작가
3,139-3,두봉,주교
3,140-1,김현무,항해사
3,140-2,조용문,지하철 택배원
3,140-3,박강빈,자립청년
3,141-1,정경교,무림고수
3,141-2,임기종,지게꾼
3,141-3,고수,배우
3,142-1,이건수,백석대 경찰학부 교수
3,143-1,이대양,웹툰 작가
3,143-2,황석희,번역가
3,143-3,유성원,변리사
3,144-1,"곽윤기, 김동욱,박장혁, 황대헌, 이준서",쇼트트랙 선수
3,144-2,박재민,배우 겸 KBS 해설위원(스노보드 및 3X3 농구)
3,144-3,차준환,피겨 스케이팅 선수
3,145-1,임재혁,배우
3,145-2,팀킴(김은정&김영미&김경애&김선영&김초희),컬링 선수
3,145-3,정지웅,배우 정은표의 아들
3,146-1,홍진호,"전 프로게이머, 현 방송인"
3,146-2,윤여정,배우
3,147-1,조나단&파트리샤 남매,대학생 겸 방송인
3,147-2,구본진,변호사
3,148-1,한문철,변호사
3,148-2,임종령,통역사
3,148-3,김종기,푸른나무재단 명예 이사장
3,149-1,김영태,경상북도경찰청 고속도로순찰대 경위
3,149-2,안병헌,법무부 청주보호관찰소 무도실무관
3,149-3,라상훈,산림청 공중진화대 팀장
3,150-1,이성엽,은행원
3,150-2,임세아,"크리스챤 디올 패션 디자이, 너"
3,151-1,김어진,대학생 겸 유튜버
3,152-1,강형욱,훈련사
3,153-1,두 김민섭,작가& 디자이너
3,153-2,한경록,베이시스트
3,153-3,"권혜정, 김도현, 윤수임",초등학교 2학년
3,154-1,마포 로르,판소리꾼
3,154-2,김수지,"MBC 아나운서, 작사가"
3,154-3,조근식,약사
3,155-1,허태균,사회심리학자
3,155-2,"박향자, 김영자, 백성자",할미넴
3,155-3,CL,가수
3,156-1,이명희&조헌주 모녀,-
3,156-2,제임스-하비에르 형제,신부
3,156-3,"김선민, 김원식",축구선수
3,156-4,다비치,가수
3,157-1,장선근,서울대병원 재활의학 전문의
3,157-2,임천숙,미용사
3,157-3,박주영,판사
3,157-4,유지태,배우
3,158-1,오건영,컨설티드
3,158-2,루나(홍인혜),카피라이터&웹툰 작가
3,158-3,곽상은,기자
3,158-4,구준엽,가수
3,159-1,이주영,태권도 선수
3,159-2,임채원,검사
3,159-3,준호,가수 겸 배우
3,160-1,백채령,스포츠스태킹 선수
3,160-2,"조진헌, 송낙훈",카메라 감독
3,160-3,박항서,축구감독
3,160-4,한지민,배우
3,161-1,노영선,응급의학과 전문의
3,161-2,박경림,MC
3,161-3,김상욱[42],물리학자
3,161-4,"배철수, 구창모",가수
3,162-1,이정원,음대생[43]
3,162-2,앨런 킴,아역 배우
3,162-3,고정환,누리호 사령탑 본부장
4,163-1,하준우,줄넘기 국가대표
4,163-3,김한민,영화 감독
4,163-4,박은빈,배우
4,164-1,문상훈,코미디언 • 배우
4,164-2,장원석,영화 제작자
4,164-3,정나래,독일 청소년 합창단 지휘자
4,165-1,김결,바퀴벌레 잡아주는 남자
4,165-2,김한겸,미라 연구가
4,165-4,주호민,웹툰작가
4,166-1,배유진,모델
4,166-2,최원호,자산가가 된 택시기사
4,166-3,진선규,배우
4,166-4,이대호,전 야구선수
4,167-2,유홍준,교수
4,167-3,이서진,배우
4,168-2,오세연,영화 감독
4,168-3,이범식,대구대학교 교수
4,169-1,조혜송,개발자
4,169-2,유택근,타일공
4,170-1,배혜지 & 남유진 & 오요안나,기상캐스터
4,171-1,박정하,광부
4,171-2,이동원,PD
4,172-1,김상규,기장
4,172-2,뉴진스,아이돌
4,173-3,오승훈,MBC 아나운서
4,174-1,진명 스님,불교 승려
4,175-1,국태익 & 주현서,학생
4,175-2,김진수 & 서혜정 부부,군인
4,175-3,조정석,배우
4,176-1,저스트 절크,댄서
4,176-2,김혜자,배우
4,177-1,나종호,예일 대학교 정신과 교수
4,177-3,민병철,중앙대학교 교수
4,177-4,이하늬,배우
4,178-1,나응식,수의사
4,178-2,곽튜브,유튜버
4,183-2,정하랑,초등학교 4학년
4,183-3,조진웅,배우
4,184-1,박성희,엑셀 강사
4,184-2,안세영,배드민턴 선수
4,184-3,김윤경,식당 사장
4,185-2,안한별 & 김재근 & 이기평 & 김철현,대한민국 해외긴급구호대
4,185-3,추성훈,종합격투기 선수
4,186-1,이지선,이화여자대학교 교수
4,186-2,이도현,배우
4,187-1,최창호,경주최부자 민족정신 선양회 이사
4,187-2,전도연,배우
4,188-2,알비올 안드레스,철도 기관사
4,188-4,성시경,가수
4,189-2,장혜진 & 윤수빈,병원약사
4,189-3,김희애,배우
4,190-1,이채운,스노보드 선수
4,190-3,이제훈,배우
4,191-3,태양,가수
4,192-1,에픽하이,힙합 그룹
4,192-2,곽은진 & 이보미,조리원 동기
4,192-3,김소연,배우
4,193-2,김수정,만화가
4,193-3,김우빈,배우
4,194-1,유준하,축구 선수
4,194-2,김소정,PD & 유튜버
4,195-1,김환 & 박두레 부부,"회사원, 주부"
4,195-3,이금희,방송인
4,195-4,강철원(사육사),사육사
4,196-1,김우주,중학교 1학년
4,196-2,정동식,축구 심판
4,196-3,김연경,배구 선수
4,197-1,카리미 안왈,공장 운영
4,197-2,문기호,군의관
4,197-3,엄정화,배우
4,198-1,강지호 & 이예주,한라중학교 3학년
4,198-4,김병철,배우
4,199-1,유세웅 & 손창현,세브란스병원 간호사
4,200-1,백남문,신신예식장 2대 사장
4,201-1,유창훈,남양주 남부경찰서 경정
4,201-2,장한나,지휘자
4,201-3,박남규,서울경찰청 마약범죄수사대 경감
4,201-4,신구,배우
4,202-1,김웬디,초등학교 6학년
4,202-2,이상엽,기자
4,202-4,강기영,배우
4,203-1,김현숙,전국노래자랑 출연자
4,203-2,한호용,홈쇼핑 모델
4,203-3,정명원,검사
4,203-4,주현영,배우
4,205-1,안대성,발성치료사
4,205-2,손상모,우주망원경과학연구소 박사
4,206-1,민시우,초등학교 5학년
4,206-2,서려경,소아청소년과 의사
4,207-1,띠예,유튜버
4,207-2,배수현,치어리더
4,208-1,김강연 & 김택연,"초등학교 4학년, 3학년"
4,208-2,안젤라 센,심리치료사
4,208-3,이대우,서울 동대문경찰서 경정
4,209-1,김휘우,초등학교 6학년
4,209-4,이준기,배우
4,210-1,신은수 & 조용인,개발자
4,210-2,천종원,스포츠 클라이밍 선수
4,210-3,김기호 & 박수영,금박 장인
4,211-1,김정민 & 김자희,샌드위치 가게 운영
4,211-2,조선미,아주대학교 교수
4,212-1,김예빈 & 박지솔 & 홍연우,"초등학교 5학년, 4학년, 5학년"
4,212-2,덱스,유튜버
4,212-3,서승호 & 조영석,외벽작업 전문가
4,212-4,김남길,배우
4,213-1,윤도현,가수
4,213-2,박세리,전 골프 선수
4,214-3,황선우 & 김우민 & 이호준 & 양재훈,수영 선수
4,215-1,김성묵,기상청 예보관
4,215-2,구희아,가정주부
4,216-1,윤두연,한화 글로벌콘텐츠사업팀 차장
4,216-3,신유빈,탁구 선수
4,216-4,백승호 & 엄원상 & 송민규,축구 선수
4,217-1,이효철 & 천애정,"중학교 3학년, 치킨집 운영"
4,218-1,김용만,킴스비디오 대표
4,218-3,서용상,제빵사
4,218-4,최수종,배우
4,219-1,구철수,초등학교 교사
4,219-3,임수정,배우
4,220-1,서주향,국악인
4,220-2,오지환 & 임찬규,야구 선수
4,220-3,유연석,배우
4,221-1,김지윤,정치학자
4,221-2,서영갑,보디빌더
4,221-4,하지원,배우
4,222-1,이진형,스탠퍼드 대학교 교수
4,222-2,김록호,WHO 과학부 국장
4,222-3,안은진,배우
4,223-1,송태욱,경기도남부경찰청 경위
4,223-2,김정자,일성여자고등학교 3학년
4,224-1,유의배,신부
4,224-2,김예화 & 이채현,대전여자상업고등학교 3학년
4,224-3,이상혁,e스포츠 선수
4,225-1,서진규 & 조성아,미국 육군 예비역
4,225-3,장나라,배우
4,226-1,이평화,대장장이
4,226-2,오승은,미국 UCSD 조교수
4,227-1,박학기 & 이정은 & 장현성,"가수, 배우"
4,227-2,이영림,한의사
4,227-3,김대호,아나운서
4,228-1,강지강 & 류의식,예비부부
4,228-2,유연수,전 축구 선수
4,228-4,박인비 & 남기협,골프 선수
4,229-1,신영철,정신건강의학과 전문의
4,229-2,정소영,국립고궁박물관 과장
4,229-3,김영옥 & 나문희,배우
